file,line,type,commit,author,date,time,timezone,datetime,depth,length
resume.html,1,html,28b0206d,Arcilios,2025-04-11,19:47:22,-07:00,2025-04-11T19:47:22-07:00,0,16
resume.html,2,html,d33a167e,Arcilios,2025-04-18,17:22:06,-07:00,2025-04-18T17:22:06-07:00,0,46
resume.html,3,html,d33a167e,Arcilios,2025-04-18,17:22:06,-07:00,2025-04-18T17:22:06-07:00,0,40
resume.html,4,html,00000000,Not Committed Yet,2025-05-09,13:27:50,-07:00,2025-05-09T13:27:50-07:00,0,5
resume.html,5,html,00000000,Not Committed Yet,2025-05-09,13:27:50,-07:00,2025-05-09T13:27:50-07:00,0,24
resume.html,6,html,d33a167e,Arcilios,2025-04-18,17:22:06,-07:00,2025-04-18T17:22:06-07:00,0,0
resume.html,7,html,00000000,Not Committed Yet,2025-05-09,13:27:50,-07:00,2025-05-09T13:27:50-07:00,0,6
resume.html,8,html,28b0206d,Arcilios,2025-04-11,19:47:22,-07:00,2025-04-11T19:47:22-07:00,0,19
resume.html,9,html,28b0206d,Arcilios,2025-04-11,19:47:22,-07:00,2025-04-11T19:47:22-07:00,0,45
resume.html,10,html,28b0206d,Arcilios,2025-04-11,19:47:22,-07:00,2025-04-11T19:47:22-07:00,0,45
resume.html,11,html,28b0206d,Arcilios,2025-04-11,19:47:22,-07:00,2025-04-11T19:47:22-07:00,0,171
resume.html,12,html,240c10a5,Arcilios,2025-04-02,21:37:05,-07:00,2025-04-02T21:37:05-07:00,0,8
resume.html,13,html,240c10a5,Arcilios,2025-04-02,21:37:05,-07:00,2025-04-02T21:37:05-07:00,0,17
resume.html,14,html,28b0206d,Arcilios,2025-04-11,19:47:22,-07:00,2025-04-11T19:47:22-07:00,0,85
resume.html,15,html,28b0206d,Arcilios,2025-04-11,19:47:22,-07:00,2025-04-11T19:47:22-07:00,0,3
resume.html,16,html,28b0206d,Arcilios,2025-04-11,19:47:22,-07:00,2025-04-11T19:47:22-07:00,0,27
resume.html,17,html,28b0206d,Arcilios,2025-04-11,19:47:22,-07:00,2025-04-11T19:47:22-07:00,0,33
resume.html,18,html,28b0206d,Arcilios,2025-04-11,19:47:22,-07:00,2025-04-11T19:47:22-07:00,0,89
resume.html,19,html,28b0206d,Arcilios,2025-04-11,19:47:22,-07:00,2025-04-11T19:47:22-07:00,0,4
resume.html,20,html,240c10a5,Arcilios,2025-04-02,21:37:05,-07:00,2025-04-02T21:37:05-07:00,0,9
resume.html,21,html,240c10a5,Arcilios,2025-04-02,21:37:05,-07:00,2025-04-02T21:37:05-07:00,0,0
resume.html,22,html,240c10a5,Arcilios,2025-04-02,21:37:05,-07:00,2025-04-02T21:37:05-07:00,0,8
resume.html,23,html,240c10a5,Arcilios,2025-04-02,21:37:05,-07:00,2025-04-02T21:37:05-07:00,0,14
resume.html,24,html,240c10a5,Arcilios,2025-04-02,21:37:05,-07:00,2025-04-02T21:37:05-07:00,0,3
resume.html,25,html,28b0206d,Arcilios,2025-04-11,19:47:22,-07:00,2025-04-11T19:47:22-07:00,0,72
resume.html,26,html,28b0206d,Arcilios,2025-04-11,19:47:22,-07:00,2025-04-11T19:47:22-07:00,0,58
resume.html,27,html,28b0206d,Arcilios,2025-04-11,19:47:22,-07:00,2025-04-11T19:47:22-07:00,0,61
resume.html,28,html,28b0206d,Arcilios,2025-04-11,19:47:22,-07:00,2025-04-11T19:47:22-07:00,0,56
resume.html,29,html,28b0206d,Arcilios,2025-04-11,19:47:22,-07:00,2025-04-11T19:47:22-07:00,0,62
resume.html,30,html,240c10a5,Arcilios,2025-04-02,21:37:05,-07:00,2025-04-02T21:37:05-07:00,0,4
resume.html,31,html,240c10a5,Arcilios,2025-04-02,21:37:05,-07:00,2025-04-02T21:37:05-07:00,0,9
resume.html,32,html,240c10a5,Arcilios,2025-04-02,21:37:05,-07:00,2025-04-02T21:37:05-07:00,0,0
resume.html,33,html,240c10a5,Arcilios,2025-04-02,21:37:05,-07:00,2025-04-02T21:37:05-07:00,0,8
resume.html,34,html,28b0206d,Arcilios,2025-04-11,19:47:22,-07:00,2025-04-11T19:47:22-07:00,0,16
resume.html,35,html,28b0206d,Arcilios,2025-04-11,19:47:22,-07:00,2025-04-11T19:47:22-07:00,0,8
resume.html,36,html,28b0206d,Arcilios,2025-04-11,19:47:22,-07:00,2025-04-11T19:47:22-07:00,0,55
resume.html,37,html,28b0206d,Arcilios,2025-04-11,19:47:22,-07:00,2025-04-11T19:47:22-07:00,0,3
resume.html,38,html,28b0206d,Arcilios,2025-04-11,19:47:22,-07:00,2025-04-11T19:47:22-07:00,0,69
resume.html,39,html,28b0206d,Arcilios,2025-04-11,19:47:22,-07:00,2025-04-11T19:47:22-07:00,0,68
resume.html,40,html,28b0206d,Arcilios,2025-04-11,19:47:22,-07:00,2025-04-11T19:47:22-07:00,0,71
resume.html,41,html,28b0206d,Arcilios,2025-04-11,19:47:22,-07:00,2025-04-11T19:47:22-07:00,0,4
resume.html,42,html,28b0206d,Arcilios,2025-04-11,19:47:22,-07:00,2025-04-11T19:47:22-07:00,0,9
resume.html,43,html,28b0206d,Arcilios,2025-04-11,19:47:22,-07:00,2025-04-11T19:47:22-07:00,0,8
resume.html,44,html,28b0206d,Arcilios,2025-04-11,19:47:22,-07:00,2025-04-11T19:47:22-07:00,0,54
resume.html,45,html,28b0206d,Arcilios,2025-04-11,19:47:22,-07:00,2025-04-11T19:47:22-07:00,0,3
resume.html,46,html,28b0206d,Arcilios,2025-04-11,19:47:22,-07:00,2025-04-11T19:47:22-07:00,0,70
resume.html,47,html,28b0206d,Arcilios,2025-04-11,19:47:22,-07:00,2025-04-11T19:47:22-07:00,0,72
resume.html,48,html,28b0206d,Arcilios,2025-04-11,19:47:22,-07:00,2025-04-11T19:47:22-07:00,0,4
resume.html,49,html,28b0206d,Arcilios,2025-04-11,19:47:22,-07:00,2025-04-11T19:47:22-07:00,0,9
resume.html,50,html,28b0206d,Arcilios,2025-04-11,19:47:22,-07:00,2025-04-11T19:47:22-07:00,0,8
resume.html,51,html,28b0206d,Arcilios,2025-04-11,19:47:22,-07:00,2025-04-11T19:47:22-07:00,0,77
resume.html,52,html,28b0206d,Arcilios,2025-04-11,19:47:22,-07:00,2025-04-11T19:47:22-07:00,0,3
resume.html,53,html,28b0206d,Arcilios,2025-04-11,19:47:22,-07:00,2025-04-11T19:47:22-07:00,0,70
resume.html,54,html,28b0206d,Arcilios,2025-04-11,19:47:22,-07:00,2025-04-11T19:47:22-07:00,0,76
resume.html,55,html,28b0206d,Arcilios,2025-04-11,19:47:22,-07:00,2025-04-11T19:47:22-07:00,0,4
resume.html,56,html,28b0206d,Arcilios,2025-04-11,19:47:22,-07:00,2025-04-11T19:47:22-07:00,0,9
resume.html,57,html,28b0206d,Arcilios,2025-04-11,19:47:22,-07:00,2025-04-11T19:47:22-07:00,0,8
resume.html,58,html,28b0206d,Arcilios,2025-04-11,19:47:22,-07:00,2025-04-11T19:47:22-07:00,0,53
resume.html,59,html,28b0206d,Arcilios,2025-04-11,19:47:22,-07:00,2025-04-11T19:47:22-07:00,0,3
resume.html,60,html,28b0206d,Arcilios,2025-04-11,19:47:22,-07:00,2025-04-11T19:47:22-07:00,0,71
resume.html,61,html,28b0206d,Arcilios,2025-04-11,19:47:22,-07:00,2025-04-11T19:47:22-07:00,0,54
resume.html,62,html,28b0206d,Arcilios,2025-04-11,19:47:22,-07:00,2025-04-11T19:47:22-07:00,0,4
resume.html,63,html,28b0206d,Arcilios,2025-04-11,19:47:22,-07:00,2025-04-11T19:47:22-07:00,0,9
resume.html,64,html,28b0206d,Arcilios,2025-04-11,19:47:22,-07:00,2025-04-11T19:47:22-07:00,0,8
resume.html,65,html,28b0206d,Arcilios,2025-04-11,19:47:22,-07:00,2025-04-11T19:47:22-07:00,0,45
resume.html,66,html,28b0206d,Arcilios,2025-04-11,19:47:22,-07:00,2025-04-11T19:47:22-07:00,0,3
resume.html,67,html,28b0206d,Arcilios,2025-04-11,19:47:22,-07:00,2025-04-11T19:47:22-07:00,0,70
resume.html,68,html,28b0206d,Arcilios,2025-04-11,19:47:22,-07:00,2025-04-11T19:47:22-07:00,0,57
resume.html,69,html,28b0206d,Arcilios,2025-04-11,19:47:22,-07:00,2025-04-11T19:47:22-07:00,0,4
resume.html,70,html,28b0206d,Arcilios,2025-04-11,19:47:22,-07:00,2025-04-11T19:47:22-07:00,0,9
resume.html,71,html,28b0206d,Arcilios,2025-04-11,19:47:22,-07:00,2025-04-11T19:47:22-07:00,0,8
resume.html,72,html,28b0206d,Arcilios,2025-04-11,19:47:22,-07:00,2025-04-11T19:47:22-07:00,0,56
resume.html,73,html,28b0206d,Arcilios,2025-04-11,19:47:22,-07:00,2025-04-11T19:47:22-07:00,0,3
resume.html,74,html,28b0206d,Arcilios,2025-04-11,19:47:22,-07:00,2025-04-11T19:47:22-07:00,0,67
resume.html,75,html,28b0206d,Arcilios,2025-04-11,19:47:22,-07:00,2025-04-11T19:47:22-07:00,0,60
resume.html,76,html,28b0206d,Arcilios,2025-04-11,19:47:22,-07:00,2025-04-11T19:47:22-07:00,0,4
resume.html,77,html,28b0206d,Arcilios,2025-04-11,19:47:22,-07:00,2025-04-11T19:47:22-07:00,0,9
resume.html,78,html,240c10a5,Arcilios,2025-04-02,21:37:05,-07:00,2025-04-02T21:37:05-07:00,0,9
resume.html,79,html,28b0206d,Arcilios,2025-04-11,19:47:22,-07:00,2025-04-11T19:47:22-07:00,0,6
index.js,1,js,91478917,Arcilios,2025-04-25,20:16:01,-07:00,2025-04-25T20:16:01-07:00,0,55
index.js,2,js,91478917,Arcilios,2025-04-25,20:16:01,-07:00,2025-04-25T20:16:01-07:00,0,0
index.js,3,js,91478917,Arcilios,2025-04-25,20:16:01,-07:00,2025-04-25T20:16:01-07:00,0,22
index.js,4,js,91478917,Arcilios,2025-04-25,20:16:01,-07:00,2025-04-25T20:16:01-07:00,0,53
index.js,5,js,91478917,Arcilios,2025-04-25,20:16:01,-07:00,2025-04-25T20:16:01-07:00,0,58
index.js,6,js,91478917,Arcilios,2025-04-25,20:16:01,-07:00,2025-04-25T20:16:01-07:00,0,67
index.js,7,js,91478917,Arcilios,2025-04-25,20:16:01,-07:00,2025-04-25T20:16:01-07:00,0,59
index.js,8,js,91478917,Arcilios,2025-04-25,20:16:01,-07:00,2025-04-25T20:16:01-07:00,0,0
index.js,9,js,91478917,Arcilios,2025-04-25,20:16:01,-07:00,2025-04-25T20:16:01-07:00,0,0
index.js,10,js,91478917,Arcilios,2025-04-25,20:16:01,-07:00,2025-04-25T20:16:01-07:00,0,6
index.js,11,js,91478917,Arcilios,2025-04-25,20:16:01,-07:00,2025-04-25T20:16:01-07:00,0,83
index.js,12,js,91478917,Arcilios,2025-04-25,20:16:01,-07:00,2025-04-25T20:16:01-07:00,0,33
index.js,13,js,91478917,Arcilios,2025-04-25,20:16:01,-07:00,2025-04-25T20:16:01-07:00,0,0
index.js,14,js,91478917,Arcilios,2025-04-25,20:16:01,-07:00,2025-04-25T20:16:01-07:00,0,47
index.js,15,js,91478917,Arcilios,2025-04-25,20:16:01,-07:00,2025-04-25T20:16:01-07:00,0,4
index.js,16,js,91478917,Arcilios,2025-04-25,20:16:01,-07:00,2025-04-25T20:16:01-07:00,0,31
index.js,17,js,91478917,Arcilios,2025-04-25,20:16:01,-07:00,2025-04-25T20:16:01-07:00,0,29
index.js,18,js,91478917,Arcilios,2025-04-25,20:16:01,-07:00,2025-04-25T20:16:01-07:00,0,50
index.js,19,js,91478917,Arcilios,2025-04-25,20:16:01,-07:00,2025-04-25T20:16:01-07:00,0,0
index.js,20,js,91478917,Arcilios,2025-04-25,20:16:01,-07:00,2025-04-25T20:16:01-07:00,0,23
index.js,21,js,91478917,Arcilios,2025-04-25,20:16:01,-07:00,2025-04-25T20:16:01-07:00,0,46
index.js,22,js,91478917,Arcilios,2025-04-25,20:16:01,-07:00,2025-04-25T20:16:01-07:00,0,6
index.js,23,js,91478917,Arcilios,2025-04-25,20:16:01,-07:00,2025-04-25T20:16:01-07:00,0,0
index.js,24,js,91478917,Arcilios,2025-04-25,20:16:01,-07:00,2025-04-25T20:16:01-07:00,0,0
index.js,25,js,91478917,Arcilios,2025-04-25,20:16:01,-07:00,2025-04-25T20:16:01-07:00,0,44
index.js,26,js,91478917,Arcilios,2025-04-25,20:16:01,-07:00,2025-04-25T20:16:01-07:00,0,24
index.js,27,js,91478917,Arcilios,2025-04-25,20:16:01,-07:00,2025-04-25T20:16:01-07:00,0,40
index.js,28,js,91478917,Arcilios,2025-04-25,20:16:01,-07:00,2025-04-25T20:16:01-07:00,0,31
index.js,29,js,91478917,Arcilios,2025-04-25,20:16:01,-07:00,2025-04-25T20:16:01-07:00,0,34
index.js,30,js,91478917,Arcilios,2025-04-25,20:16:01,-07:00,2025-04-25T20:16:01-07:00,0,0
index.js,31,js,91478917,Arcilios,2025-04-25,20:16:01,-07:00,2025-04-25T20:16:01-07:00,0,29
index.js,32,js,91478917,Arcilios,2025-04-25,20:16:01,-07:00,2025-04-25T20:16:01-07:00,0,16
index.js,33,js,91478917,Arcilios,2025-04-25,20:16:01,-07:00,2025-04-25T20:16:01-07:00,0,43
index.js,34,js,91478917,Arcilios,2025-04-25,20:16:01,-07:00,2025-04-25T20:16:01-07:00,0,0
index.js,35,js,91478917,Arcilios,2025-04-25,20:16:01,-07:00,2025-04-25T20:16:01-07:00,0,0
index.js,36,js,91478917,Arcilios,2025-04-25,20:16:01,-07:00,2025-04-25T20:16:01-07:00,0,86
index.js,37,js,91478917,Arcilios,2025-04-25,20:16:01,-07:00,2025-04-25T20:16:01-07:00,0,73
index.js,38,js,91478917,Arcilios,2025-04-25,20:16:01,-07:00,2025-04-25T20:16:01-07:00,0,0
index.js,39,js,91478917,Arcilios,2025-04-25,20:16:01,-07:00,2025-04-25T20:16:01-07:00,0,50
index.js,40,js,91478917,Arcilios,2025-04-25,20:16:01,-07:00,2025-04-25T20:16:01-07:00,0,0
index.js,41,js,91478917,Arcilios,2025-04-25,20:16:01,-07:00,2025-04-25T20:16:01-07:00,0,4
index.js,42,js,91478917,Arcilios,2025-04-25,20:16:01,-07:00,2025-04-25T20:16:01-07:00,0,28
index.js,43,js,91478917,Arcilios,2025-04-25,20:16:01,-07:00,2025-04-25T20:16:01-07:00,0,30
index.js,44,js,91478917,Arcilios,2025-04-25,20:16:01,-07:00,2025-04-25T20:16:01-07:00,0,0
index.js,45,js,91478917,Arcilios,2025-04-25,20:16:01,-07:00,2025-04-25T20:16:01-07:00,0,52
index.js,46,js,91478917,Arcilios,2025-04-25,20:16:01,-07:00,2025-04-25T20:16:01-07:00,0,0
index.js,47,js,91478917,Arcilios,2025-04-25,20:16:01,-07:00,2025-04-25T20:16:01-07:00,0,38
index.js,48,js,91478917,Arcilios,2025-04-25,20:16:01,-07:00,2025-04-25T20:16:01-07:00,0,41
index.js,49,js,91478917,Arcilios,2025-04-25,20:16:01,-07:00,2025-04-25T20:16:01-07:00,0,16
index.js,50,js,91478917,Arcilios,2025-04-25,20:16:01,-07:00,2025-04-25T20:16:01-07:00,0,79
index.js,51,js,91478917,Arcilios,2025-04-25,20:16:01,-07:00,2025-04-25T20:16:01-07:00,0,46
index.js,52,js,91478917,Arcilios,2025-04-25,20:16:01,-07:00,2025-04-25T20:16:01-07:00,0,73
index.js,53,js,91478917,Arcilios,2025-04-25,20:16:01,-07:00,2025-04-25T20:16:01-07:00,0,3
index.js,54,js,91478917,Arcilios,2025-04-25,20:16:01,-07:00,2025-04-25T20:16:01-07:00,0,1
index.js,55,js,91478917,Arcilios,2025-04-25,20:16:01,-07:00,2025-04-25T20:16:01-07:00,0,26
index.js,56,js,91478917,Arcilios,2025-04-25,20:16:01,-07:00,2025-04-25T20:16:01-07:00,0,0
index.js,57,js,91478917,Arcilios,2025-04-25,20:16:01,-07:00,2025-04-25T20:16:01-07:00,0,14
index.js,58,js,91478917,Arcilios,2025-04-25,20:16:01,-07:00,2025-04-25T20:16:01-07:00,0,58
index.js,59,js,91478917,Arcilios,2025-04-25,20:16:01,-07:00,2025-04-25T20:16:01-07:00,0,18
index.js,60,js,91478917,Arcilios,2025-04-25,20:16:01,-07:00,2025-04-25T20:16:01-07:00,0,0
index.js,61,js,91478917,Arcilios,2025-04-25,20:16:01,-07:00,2025-04-25T20:16:01-07:00,0,0
index.js,62,js,91478917,Arcilios,2025-04-25,20:16:01,-07:00,2025-04-25T20:16:01-07:00,0,0
index.html,1,html,57fd538,Arcilios,2025-04-02,21:07:26,-07:00,2025-04-02T21:07:26-07:00,0,14
index.html,2,html,57fd538,Arcilios,2025-04-02,21:07:26,-07:00,2025-04-02T21:07:26-07:00,0,15
index.html,3,html,57fd538,Arcilios,2025-04-02,21:07:26,-07:00,2025-04-02T21:07:26-07:00,0,5
index.html,4,html,91478917,Arcilios,2025-04-25,20:16:01,-07:00,2025-04-25T20:16:01-07:00,0,23
index.html,5,html,91478917,Arcilios,2025-04-25,20:16:01,-07:00,2025-04-25T20:16:01-07:00,0,71
index.html,6,html,91478917,Arcilios,2025-04-25,20:16:01,-07:00,2025-04-25T20:16:01-07:00,0,53
index.html,7,html,91478917,Arcilios,2025-04-25,20:16:01,-07:00,2025-04-25T20:16:01-07:00,0,42
index.html,8,html,57fd538,Arcilios,2025-04-02,21:07:26,-07:00,2025-04-02T21:07:26-07:00,0,6
index.html,9,html,57fd538,Arcilios,2025-04-02,21:07:26,-07:00,2025-04-02T21:07:26-07:00,0,5
index.html,10,html,91478917,Arcilios,2025-04-25,20:16:01,-07:00,2025-04-25T20:16:01-07:00,0,18
index.html,11,html,91478917,Arcilios,2025-04-25,20:16:01,-07:00,2025-04-25T20:16:01-07:00,0,65
index.html,12,html,91478917,Arcilios,2025-04-25,20:16:01,-07:00,2025-04-25T20:16:01-07:00,0,110
index.html,13,html,28b0206d,Arcilios,2025-04-11,19:47:22,-07:00,2025-04-11T19:47:22-07:00,0,0
index.html,14,html,91478917,Arcilios,2025-04-25,20:16:01,-07:00,2025-04-25T20:16:01-07:00,0,23
index.html,15,html,91478917,Arcilios,2025-04-25,20:16:01,-07:00,2025-04-25T20:16:01-07:00,0,35
index.html,16,html,91478917,Arcilios,2025-04-25,20:16:01,-07:00,2025-04-25T20:16:01-07:00,0,31
index.html,17,html,91478917,Arcilios,2025-04-25,20:16:01,-07:00,2025-04-25T20:16:01-07:00,0,26
index.html,18,html,91478917,Arcilios,2025-04-25,20:16:01,-07:00,2025-04-25T20:16:01-07:00,0,35
index.html,19,html,91478917,Arcilios,2025-04-25,20:16:01,-07:00,2025-04-25T20:16:01-07:00,0,9
index.html,20,html,91478917,Arcilios,2025-04-25,20:16:01,-07:00,2025-04-25T20:16:01-07:00,0,0
index.html,21,html,91478917,Arcilios,2025-04-25,20:16:01,-07:00,2025-04-25T20:16:01-07:00,0,45
index.html,22,html,91478917,Arcilios,2025-04-25,20:16:01,-07:00,2025-04-25T20:16:01-07:00,0,28
index.html,23,html,91478917,Arcilios,2025-04-25,20:16:01,-07:00,2025-04-25T20:16:01-07:00,0,27
index.html,24,html,91478917,Arcilios,2025-04-25,20:16:01,-07:00,2025-04-25T20:16:01-07:00,0,32
index.html,25,html,91478917,Arcilios,2025-04-25,20:16:01,-07:00,2025-04-25T20:16:01-07:00,0,9
index.html,26,html,91478917,Arcilios,2025-04-25,20:16:01,-07:00,2025-04-25T20:16:01-07:00,0,0
index.html,27,html,57fd538,Arcilios,2025-04-02,21:07:26,-07:00,2025-04-02T21:07:26-07:00,0,6
index.html,28,html,91478917,Arcilios,2025-04-25,20:16:01,-07:00,2025-04-25T20:16:01-07:00,0,6
global.js,1,js,d33a167e,Arcilios,2025-04-18,17:22:06,-07:00,2025-04-18T17:22:06-07:00,0,26
global.js,2,js,d33a167e,Arcilios,2025-04-18,17:22:06,-07:00,2025-04-18T17:22:06-07:00,0,0
global.js,3,js,d33a167e,Arcilios,2025-04-18,17:22:06,-07:00,2025-04-18T17:22:06-07:00,0,77
global.js,4,js,d33a167e,Arcilios,2025-04-18,17:22:06,-07:00,2025-04-18T17:22:06-07:00,0,48
global.js,5,js,d33a167e,Arcilios,2025-04-18,17:22:06,-07:00,2025-04-18T17:22:06-07:00,0,0
global.js,6,js,d33a167e,Arcilios,2025-04-18,17:22:06,-07:00,2025-04-18T17:22:06-07:00,0,59
global.js,7,js,d33a167e,Arcilios,2025-04-18,17:22:06,-07:00,2025-04-18T17:22:06-07:00,0,35
global.js,8,js,d33a167e,Arcilios,2025-04-18,17:22:06,-07:00,2025-04-18T17:22:06-07:00,0,0
global.js,9,js,d33a167e,Arcilios,2025-04-18,17:22:06,-07:00,2025-04-18T17:22:06-07:00,0,0
global.js,10,js,d33a167e,Arcilios,2025-04-18,17:22:06,-07:00,2025-04-18T17:22:06-07:00,0,42
global.js,11,js,d33a167e,Arcilios,2025-04-18,17:22:06,-07:00,2025-04-18T17:22:06-07:00,0,53
global.js,12,js,d33a167e,Arcilios,2025-04-18,17:22:06,-07:00,2025-04-18T17:22:06-07:00,0,0
global.js,13,js,d33a167e,Arcilios,2025-04-18,17:22:06,-07:00,2025-04-18T17:22:06-07:00,0,0
global.js,14,js,d33a167e,Arcilios,2025-04-18,17:22:06,-07:00,2025-04-18T17:22:06-07:00,0,26
global.js,15,js,d33a167e,Arcilios,2025-04-18,17:22:06,-07:00,2025-04-18T17:22:06-07:00,0,0
global.js,16,js,d33a167e,Arcilios,2025-04-18,17:22:06,-07:00,2025-04-18T17:22:06-07:00,0,31
global.js,17,js,d33a167e,Arcilios,2025-04-18,17:22:06,-07:00,2025-04-18T17:22:06-07:00,0,66
global.js,18,js,d33a167e,Arcilios,2025-04-18,17:22:06,-07:00,2025-04-18T17:22:06-07:00,0,1
global.js,19,js,d33a167e,Arcilios,2025-04-18,17:22:06,-07:00,2025-04-18T17:22:06-07:00,0,0
global.js,20,js,d33a167e,Arcilios,2025-04-18,17:22:06,-07:00,2025-04-18T17:22:06-07:00,0,37
global.js,21,js,d33a167e,Arcilios,2025-04-18,17:22:06,-07:00,2025-04-18T17:22:06-07:00,0,0
global.js,22,js,d33a167e,Arcilios,2025-04-18,17:22:06,-07:00,2025-04-18T17:22:06-07:00,0,17
global.js,23,js,1284d9e1,Arcilios,2025-04-18,21:17:31,-07:00,2025-04-18T21:17:31-07:00,0,47
global.js,24,js,1284d9e1,Arcilios,2025-04-18,21:17:31,-07:00,2025-04-18T21:17:31-07:00,0,58
global.js,25,js,1284d9e1,Arcilios,2025-04-18,21:17:31,-07:00,2025-04-18T21:17:31-07:00,0,59
global.js,26,js,1284d9e1,Arcilios,2025-04-18,21:17:31,-07:00,2025-04-18T21:17:31-07:00,0,50
global.js,27,js,00000000,Not Committed Yet,2025-05-09,13:27:51,-07:00,2025-05-09T13:27:51-07:00,0,52
global.js,28,js,d33a167e,Arcilios,2025-04-18,17:22:06,-07:00,2025-04-18T17:22:06-07:00,0,86
global.js,29,js,00000000,Not Committed Yet,2025-05-09,13:27:51,-07:00,2025-05-09T13:27:51-07:00,0,1
global.js,30,js,00000000,Not Committed Yet,2025-05-09,13:27:51,-07:00,2025-05-09T13:27:51-07:00,0,0
global.js,31,js,d33a167e,Arcilios,2025-04-18,17:22:06,-07:00,2025-04-18T17:22:06-07:00,0,0
global.js,32,js,d33a167e,Arcilios,2025-04-18,17:22:06,-07:00,2025-04-18T17:22:06-07:00,0,41
global.js,33,js,d33a167e,Arcilios,2025-04-18,17:22:06,-07:00,2025-04-18T17:22:06-07:00,0,0
global.js,34,js,d33a167e,Arcilios,2025-04-18,17:22:06,-07:00,2025-04-18T17:22:06-07:00,0,29
global.js,35,js,d33a167e,Arcilios,2025-04-18,17:22:06,-07:00,2025-04-18T17:22:06-07:00,0,40
global.js,36,js,d33a167e,Arcilios,2025-04-18,17:22:06,-07:00,2025-04-18T17:22:06-07:00,0,21
global.js,37,js,d33a167e,Arcilios,2025-04-18,17:22:06,-07:00,2025-04-18T17:22:06-07:00,0,28
global.js,38,js,d33a167e,Arcilios,2025-04-18,17:22:06,-07:00,2025-04-18T17:22:06-07:00,0,19
global.js,39,js,d33a167e,Arcilios,2025-04-18,17:22:06,-07:00,2025-04-18T17:22:06-07:00,0,37
global.js,40,js,d33a167e,Arcilios,2025-04-18,17:22:06,-07:00,2025-04-18T17:22:06-07:00,0,0
global.js,41,js,d33a167e,Arcilios,2025-04-18,17:22:06,-07:00,2025-04-18T17:22:06-07:00,0,0
global.js,42,js,d33a167e,Arcilios,2025-04-18,17:22:06,-07:00,2025-04-18T17:22:06-07:00,0,21
global.js,43,js,d33a167e,Arcilios,2025-04-18,17:22:06,-07:00,2025-04-18T17:22:06-07:00,0,0
global.js,44,js,d33a167e,Arcilios,2025-04-18,17:22:06,-07:00,2025-04-18T17:22:06-07:00,0,0
global.js,45,js,d33a167e,Arcilios,2025-04-18,17:22:06,-07:00,2025-04-18T17:22:06-07:00,0,57
global.js,46,js,d33a167e,Arcilios,2025-04-18,17:22:06,-07:00,2025-04-18T17:22:06-07:00,0,0
global.js,47,js,d33a167e,Arcilios,2025-04-18,17:22:06,-07:00,2025-04-18T17:22:06-07:00,0,22
global.js,48,js,d33a167e,Arcilios,2025-04-18,17:22:06,-07:00,2025-04-18T17:22:06-07:00,0,27
global.js,49,js,d33a167e,Arcilios,2025-04-18,17:22:06,-07:00,2025-04-18T17:22:06-07:00,0,66
global.js,50,js,d33a167e,Arcilios,2025-04-18,17:22:06,-07:00,2025-04-18T17:22:06-07:00,0,1
global.js,51,js,d33a167e,Arcilios,2025-04-18,17:22:06,-07:00,2025-04-18T17:22:06-07:00,0,37
global.js,52,js,d33a167e,Arcilios,2025-04-18,17:22:06,-07:00,2025-04-18T17:22:06-07:00,0,0
global.js,53,js,d33a167e,Arcilios,2025-04-18,17:22:06,-07:00,2025-04-18T17:22:06-07:00,0,47
global.js,54,js,d33a167e,Arcilios,2025-04-18,17:22:06,-07:00,2025-04-18T17:22:06-07:00,0,30
global.js,55,js,d33a167e,Arcilios,2025-04-18,17:22:06,-07:00,2025-04-18T17:22:06-07:00,0,31
global.js,56,js,d33a167e,Arcilios,2025-04-18,17:22:06,-07:00,2025-04-18T17:22:06-07:00,0,25
global.js,57,js,d33a167e,Arcilios,2025-04-18,17:22:06,-07:00,2025-04-18T17:22:06-07:00,0,27
global.js,58,js,d33a167e,Arcilios,2025-04-18,17:22:06,-07:00,2025-04-18T17:22:06-07:00,0,27
global.js,59,js,d33a167e,Arcilios,2025-04-18,17:22:06,-07:00,2025-04-18T17:22:06-07:00,0,0
global.js,60,js,d33a167e,Arcilios,2025-04-18,17:22:06,-07:00,2025-04-18T17:22:06-07:00,0,0
global.js,61,js,d33a167e,Arcilios,2025-04-18,17:22:06,-07:00,2025-04-18T17:22:06-07:00,0,39
global.js,62,js,d33a167e,Arcilios,2025-04-18,17:22:06,-07:00,2025-04-18T17:22:06-07:00,0,38
global.js,63,js,d33a167e,Arcilios,2025-04-18,17:22:06,-07:00,2025-04-18T17:22:06-07:00,0,72
global.js,64,js,d33a167e,Arcilios,2025-04-18,17:22:06,-07:00,2025-04-18T17:22:06-07:00,0,35
global.js,65,js,d33a167e,Arcilios,2025-04-18,17:22:06,-07:00,2025-04-18T17:22:06-07:00,0,2
global.js,66,js,d33a167e,Arcilios,2025-04-18,17:22:06,-07:00,2025-04-18T17:22:06-07:00,0,0
global.js,67,js,d33a167e,Arcilios,2025-04-18,17:22:06,-07:00,2025-04-18T17:22:06-07:00,0,33
global.js,68,js,d33a167e,Arcilios,2025-04-18,17:22:06,-07:00,2025-04-18T17:22:06-07:00,0,0
global.js,69,js,91478917,Arcilios,2025-04-25,20:16:01,-07:00,2025-04-25T20:16:01-07:00,0,37
global.js,70,js,91478917,Arcilios,2025-04-25,20:16:01,-07:00,2025-04-25T20:16:01-07:00,0,4
global.js,71,js,91478917,Arcilios,2025-04-25,20:16:01,-07:00,2025-04-25T20:16:01-07:00,0,28
global.js,72,js,91478917,Arcilios,2025-04-25,20:16:01,-07:00,2025-04-25T20:16:01-07:00,0,65
global.js,73,js,91478917,Arcilios,2025-04-25,20:16:01,-07:00,2025-04-25T20:16:01-07:00,0,23
global.js,74,js,91478917,Arcilios,2025-04-25,20:16:01,-07:00,2025-04-25T20:16:01-07:00,0,14
global.js,75,js,91478917,Arcilios,2025-04-25,20:16:01,-07:00,2025-04-25T20:16:01-07:00,0,42
global.js,76,js,91478917,Arcilios,2025-04-25,20:16:01,-07:00,2025-04-25T20:16:01-07:00,0,9
global.js,77,js,91478917,Arcilios,2025-04-25,20:16:01,-07:00,2025-04-25T20:16:01-07:00,0,0
global.js,78,js,91478917,Arcilios,2025-04-25,20:16:01,-07:00,2025-04-25T20:16:01-07:00,0,0
global.js,79,js,91478917,Arcilios,2025-04-25,20:16:01,-07:00,2025-04-25T20:16:01-07:00,0,0
global.js,80,js,91478917,Arcilios,2025-04-25,20:16:01,-07:00,2025-04-25T20:16:01-07:00,0,71
global.js,81,js,91478917,Arcilios,2025-04-25,20:16:01,-07:00,2025-04-25T20:16:01-07:00,0,24
global.js,82,js,91478917,Arcilios,2025-04-25,20:16:01,-07:00,2025-04-25T20:16:01-07:00,0,0
global.js,83,js,91478917,Arcilios,2025-04-25,20:16:01,-07:00,2025-04-25T20:16:01-07:00,0,27
global.js,84,js,91478917,Arcilios,2025-04-25,20:16:01,-07:00,2025-04-25T20:16:01-07:00,0,54
global.js,85,js,91478917,Arcilios,2025-04-25,20:16:01,-07:00,2025-04-25T20:16:01-07:00,0,6
global.js,86,js,91478917,Arcilios,2025-04-25,20:16:01,-07:00,2025-04-25T20:16:01-07:00,0,0
global.js,87,js,91478917,Arcilios,2025-04-25,20:16:01,-07:00,2025-04-25T20:16:01-07:00,0,0
global.js,88,js,91478917,Arcilios,2025-04-25,20:16:01,-07:00,2025-04-25T20:16:01-07:00,0,32
global.js,89,js,91478917,Arcilios,2025-04-25,20:16:01,-07:00,2025-04-25T20:16:01-07:00,0,49
global.js,90,js,c2fa1af5,Arcilios,2025-04-28,21:24:00,-07:00,2025-04-28T21:24:00-07:00,0,0
global.js,91,js,c2fa1af5,Arcilios,2025-04-28,21:24:00,-07:00,2025-04-28T21:24:00-07:00,0,18
global.js,92,js,c2fa1af5,Arcilios,2025-04-28,21:24:00,-07:00,2025-04-28T21:24:00-07:00,0,20
global.js,93,js,c2fa1af5,Arcilios,2025-04-28,21:24:00,-07:00,2025-04-28T21:24:00-07:00,0,88
global.js,94,js,c2fa1af5,Arcilios,2025-04-28,21:24:00,-07:00,2025-04-28T21:24:00-07:00,0,55
global.js,95,js,c2fa1af5,Arcilios,2025-04-28,21:24:00,-07:00,2025-04-28T21:24:00-07:00,0,52
global.js,96,js,c2fa1af5,Arcilios,2025-04-28,21:24:00,-07:00,2025-04-28T21:24:00-07:00,0,28
global.js,97,js,c2fa1af5,Arcilios,2025-04-28,21:24:00,-07:00,2025-04-28T21:24:00-07:00,0,3
global.js,98,js,c2fa1af5,Arcilios,2025-04-28,21:24:00,-07:00,2025-04-28T21:24:00-07:00,0,1
global.js,99,js,c2fa1af5,Arcilios,2025-04-28,21:24:00,-07:00,2025-04-28T21:24:00-07:00,0,7
global.js,100,js,c2fa1af5,Arcilios,2025-04-28,21:24:00,-07:00,2025-04-28T21:24:00-07:00,0,20
global.js,101,js,c2fa1af5,Arcilios,2025-04-28,21:24:00,-07:00,2025-04-28T21:24:00-07:00,0,55
global.js,102,js,c2fa1af5,Arcilios,2025-04-28,21:24:00,-07:00,2025-04-28T21:24:00-07:00,0,52
global.js,103,js,c2fa1af5,Arcilios,2025-04-28,21:24:00,-07:00,2025-04-28T21:24:00-07:00,0,28
global.js,104,js,c2fa1af5,Arcilios,2025-04-28,21:24:00,-07:00,2025-04-28T21:24:00-07:00,0,1
global.js,105,js,c2fa1af5,Arcilios,2025-04-28,21:24:00,-07:00,2025-04-28T21:24:00-07:00,0,0
global.js,106,js,c2fa1af5,Arcilios,2025-04-28,21:24:00,-07:00,2025-04-28T21:24:00-07:00,0,0
global.js,107,js,91478917,Arcilios,2025-04-25,20:16:01,-07:00,2025-04-25T20:16:01-07:00,0,30
global.js,108,js,91478917,Arcilios,2025-04-25,20:16:01,-07:00,2025-04-25T20:16:01-07:00,0,0
global.js,109,js,c2fa1af5,Arcilios,2025-04-28,21:24:00,-07:00,2025-04-28T21:24:00-07:00,0,0
global.js,110,js,91478917,Arcilios,2025-04-25,20:16:01,-07:00,2025-04-25T20:16:01-07:00,0,0
global.js,111,js,91478917,Arcilios,2025-04-25,20:16:01,-07:00,2025-04-25T20:16:01-07:00,0,0
global.js,112,js,91478917,Arcilios,2025-04-25,20:16:01,-07:00,2025-04-25T20:16:01-07:00,0,0
global.js,113,js,91478917,Arcilios,2025-04-25,20:16:01,-07:00,2025-04-25T20:16:01-07:00,0,0
global.js,114,js,91478917,Arcilios,2025-04-25,20:16:01,-07:00,2025-04-25T20:16:01-07:00,0,0
global.js,115,js,d33a167e,Arcilios,2025-04-18,17:22:06,-07:00,2025-04-18T17:22:06-07:00,0,0
global.css,1,css,d33a167e,Arcilios,2025-04-18,17:22:06,-07:00,2025-04-18T17:22:06-07:00,0,6
global.css,2,css,d33a167e,Arcilios,2025-04-18,17:22:06,-07:00,2025-04-18T17:22:06-07:00,0,23
global.css,3,css,d33a167e,Arcilios,2025-04-18,17:22:06,-07:00,2025-04-18T17:22:06-07:00,0,25
global.css,4,css,d33a167e,Arcilios,2025-04-18,17:22:06,-07:00,2025-04-18T17:22:06-07:00,0,23
global.css,5,css,d33a167e,Arcilios,2025-04-18,17:22:06,-07:00,2025-04-18T17:22:06-07:00,0,24
global.css,6,css,d33a167e,Arcilios,2025-04-18,17:22:06,-07:00,2025-04-18T17:22:06-07:00,0,23
global.css,7,css,d33a167e,Arcilios,2025-04-18,17:22:06,-07:00,2025-04-18T17:22:06-07:00,0,28
global.css,8,css,d33a167e,Arcilios,2025-04-18,17:22:06,-07:00,2025-04-18T17:22:06-07:00,0,24
global.css,9,css,d33a167e,Arcilios,2025-04-18,17:22:06,-07:00,2025-04-18T17:22:06-07:00,0,0
global.css,10,css,d33a167e,Arcilios,2025-04-18,17:22:06,-07:00,2025-04-18T17:22:06-07:00,0,0
global.css,11,css,d33a167e,Arcilios,2025-04-18,17:22:06,-07:00,2025-04-18T17:22:06-07:00,0,5
global.css,12,css,d33a167e,Arcilios,2025-04-18,17:22:06,-07:00,2025-04-18T17:22:06-07:00,0,16
global.css,13,css,d33a167e,Arcilios,2025-04-18,17:22:06,-07:00,2025-04-18T17:22:06-07:00,0,24
global.css,14,css,d33a167e,Arcilios,2025-04-18,17:22:06,-07:00,2025-04-18T17:22:06-07:00,0,14
global.css,15,css,d33a167e,Arcilios,2025-04-18,17:22:06,-07:00,2025-04-18T17:22:06-07:00,0,19
global.css,16,css,d33a167e,Arcilios,2025-04-18,17:22:06,-07:00,2025-04-18T17:22:06-07:00,0,17
global.css,17,css,d33a167e,Arcilios,2025-04-18,17:22:06,-07:00,2025-04-18T17:22:06-07:00,0,12
global.css,18,css,d33a167e,Arcilios,2025-04-18,17:22:06,-07:00,2025-04-18T17:22:06-07:00,0,45
global.css,19,css,d33a167e,Arcilios,2025-04-18,17:22:06,-07:00,2025-04-18T17:22:06-07:00,0,0
global.css,20,css,d33a167e,Arcilios,2025-04-18,17:22:06,-07:00,2025-04-18T17:22:06-07:00,0,0
global.css,21,css,d33a167e,Arcilios,2025-04-18,17:22:06,-07:00,2025-04-18T17:22:06-07:00,0,15
global.css,22,css,d33a167e,Arcilios,2025-04-18,17:22:06,-07:00,2025-04-18T17:22:06-07:00,0,17
global.css,23,css,d33a167e,Arcilios,2025-04-18,17:22:06,-07:00,2025-04-18T17:22:06-07:00,0,0
global.css,24,css,d33a167e,Arcilios,2025-04-18,17:22:06,-07:00,2025-04-18T17:22:06-07:00,0,0
global.css,25,css,d33a167e,Arcilios,2025-04-18,17:22:06,-07:00,2025-04-18T17:22:06-07:00,0,4
global.css,26,css,d33a167e,Arcilios,2025-04-18,17:22:06,-07:00,2025-04-18T17:22:06-07:00,0,13
global.css,27,css,d33a167e,Arcilios,2025-04-18,17:22:06,-07:00,2025-04-18T17:22:06-07:00,0,29
global.css,28,css,d33a167e,Arcilios,2025-04-18,17:22:06,-07:00,2025-04-18T17:22:06-07:00,0,18
global.css,29,css,d33a167e,Arcilios,2025-04-18,17:22:06,-07:00,2025-04-18T17:22:06-07:00,0,0
global.css,30,css,d33a167e,Arcilios,2025-04-18,17:22:06,-07:00,2025-04-18T17:22:06-07:00,0,0
global.css,31,css,d33a167e,Arcilios,2025-04-18,17:22:06,-07:00,2025-04-18T17:22:06-07:00,0,6
global.css,32,css,d33a167e,Arcilios,2025-04-18,17:22:06,-07:00,2025-04-18T17:22:06-07:00,0,7
global.css,33,css,d33a167e,Arcilios,2025-04-18,17:22:06,-07:00,2025-04-18T17:22:06-07:00,0,18
global.css,34,css,d33a167e,Arcilios,2025-04-18,17:22:06,-07:00,2025-04-18T17:22:06-07:00,0,21
global.css,35,css,d33a167e,Arcilios,2025-04-18,17:22:06,-07:00,2025-04-18T17:22:06-07:00,0,14
global.css,36,css,d33a167e,Arcilios,2025-04-18,17:22:06,-07:00,2025-04-18T17:22:06-07:00,0,14
global.css,37,css,d33a167e,Arcilios,2025-04-18,17:22:06,-07:00,2025-04-18T17:22:06-07:00,0,38
global.css,38,css,d33a167e,Arcilios,2025-04-18,17:22:06,-07:00,2025-04-18T17:22:06-07:00,0,64
global.css,39,css,d33a167e,Arcilios,2025-04-18,17:22:06,-07:00,2025-04-18T17:22:06-07:00,0,0
global.css,40,css,d33a167e,Arcilios,2025-04-18,17:22:06,-07:00,2025-04-18T17:22:06-07:00,0,0
global.css,41,css,d33a167e,Arcilios,2025-04-18,17:22:06,-07:00,2025-04-18T17:22:06-07:00,0,12
global.css,42,css,d33a167e,Arcilios,2025-04-18,17:22:06,-07:00,2025-04-18T17:22:06-07:00,0,40
global.css,43,css,d33a167e,Arcilios,2025-04-18,17:22:06,-07:00,2025-04-18T17:22:06-07:00,0,39
global.css,44,css,d33a167e,Arcilios,2025-04-18,17:22:06,-07:00,2025-04-18T17:22:06-07:00,0,0
global.css,45,css,d33a167e,Arcilios,2025-04-18,17:22:06,-07:00,2025-04-18T17:22:06-07:00,0,0
global.css,46,css,d33a167e,Arcilios,2025-04-18,17:22:06,-07:00,2025-04-18T17:22:06-07:00,0,9
global.css,47,css,d33a167e,Arcilios,2025-04-18,17:22:06,-07:00,2025-04-18T17:22:06-07:00,0,17
global.css,48,css,d33a167e,Arcilios,2025-04-18,17:22:06,-07:00,2025-04-18T17:22:06-07:00,0,26
global.css,49,css,d33a167e,Arcilios,2025-04-18,17:22:06,-07:00,2025-04-18T17:22:06-07:00,0,40
global.css,50,css,d33a167e,Arcilios,2025-04-18,17:22:06,-07:00,2025-04-18T17:22:06-07:00,0,0
global.css,51,css,d33a167e,Arcilios,2025-04-18,17:22:06,-07:00,2025-04-18T17:22:06-07:00,0,0
global.css,52,css,d33a167e,Arcilios,2025-04-18,17:22:06,-07:00,2025-04-18T17:22:06-07:00,0,10
global.css,53,css,d33a167e,Arcilios,2025-04-18,17:22:06,-07:00,2025-04-18T17:22:06-07:00,0,32
global.css,54,css,d33a167e,Arcilios,2025-04-18,17:22:06,-07:00,2025-04-18T17:22:06-07:00,0,29
global.css,55,css,d33a167e,Arcilios,2025-04-18,17:22:06,-07:00,2025-04-18T17:22:06-07:00,0,0
global.css,56,css,d33a167e,Arcilios,2025-04-18,17:22:06,-07:00,2025-04-18T17:22:06-07:00,0,0
global.css,57,css,d33a167e,Arcilios,2025-04-18,17:22:06,-07:00,2025-04-18T17:22:06-07:00,0,14
global.css,58,css,d33a167e,Arcilios,2025-04-18,17:22:06,-07:00,2025-04-18T17:22:06-07:00,0,18
global.css,59,css,d33a167e,Arcilios,2025-04-18,17:22:06,-07:00,2025-04-18T17:22:06-07:00,0,0
global.css,60,css,d33a167e,Arcilios,2025-04-18,17:22:06,-07:00,2025-04-18T17:22:06-07:00,0,0
global.css,61,css,d33a167e,Arcilios,2025-04-18,17:22:06,-07:00,2025-04-18T17:22:06-07:00,0,16
global.css,62,css,d33a167e,Arcilios,2025-04-18,17:22:06,-07:00,2025-04-18T17:22:06-07:00,0,32
global.css,63,css,d33a167e,Arcilios,2025-04-18,17:22:06,-07:00,2025-04-18T17:22:06-07:00,0,0
global.css,64,css,d33a167e,Arcilios,2025-04-18,17:22:06,-07:00,2025-04-18T17:22:06-07:00,0,0
global.css,65,css,d33a167e,Arcilios,2025-04-18,17:22:06,-07:00,2025-04-18T17:22:06-07:00,0,22
global.css,66,css,d33a167e,Arcilios,2025-04-18,17:22:06,-07:00,2025-04-18T17:22:06-07:00,0,41
global.css,67,css,d33a167e,Arcilios,2025-04-18,17:22:06,-07:00,2025-04-18T17:22:06-07:00,0,45
global.css,68,css,d33a167e,Arcilios,2025-04-18,17:22:06,-07:00,2025-04-18T17:22:06-07:00,0,0
global.css,69,css,d33a167e,Arcilios,2025-04-18,17:22:06,-07:00,2025-04-18T17:22:06-07:00,0,0
global.css,70,css,d33a167e,Arcilios,2025-04-18,17:22:06,-07:00,2025-04-18T17:22:06-07:00,0,19
global.css,71,css,d33a167e,Arcilios,2025-04-18,17:22:06,-07:00,2025-04-18T17:22:06-07:00,0,31
global.css,72,css,d33a167e,Arcilios,2025-04-18,17:22:06,-07:00,2025-04-18T17:22:06-07:00,0,45
global.css,73,css,d33a167e,Arcilios,2025-04-18,17:22:06,-07:00,2025-04-18T17:22:06-07:00,0,0
global.css,74,css,d33a167e,Arcilios,2025-04-18,17:22:06,-07:00,2025-04-18T17:22:06-07:00,0,0
global.css,75,css,d33a167e,Arcilios,2025-04-18,17:22:06,-07:00,2025-04-18T17:22:06-07:00,0,4
global.css,76,css,d33a167e,Arcilios,2025-04-18,17:22:06,-07:00,2025-04-18T17:22:06-07:00,0,30
global.css,77,css,d33a167e,Arcilios,2025-04-18,17:22:06,-07:00,2025-04-18T17:22:06-07:00,0,16
global.css,78,css,d33a167e,Arcilios,2025-04-18,17:22:06,-07:00,2025-04-18T17:22:06-07:00,0,0
global.css,79,css,d33a167e,Arcilios,2025-04-18,17:22:06,-07:00,2025-04-18T17:22:06-07:00,0,0
global.css,80,css,d33a167e,Arcilios,2025-04-18,17:22:06,-07:00,2025-04-18T17:22:06-07:00,0,7
global.css,81,css,d33a167e,Arcilios,2025-04-18,17:22:06,-07:00,2025-04-18T17:22:06-07:00,0,14
global.css,82,css,d33a167e,Arcilios,2025-04-18,17:22:06,-07:00,2025-04-18T17:22:06-07:00,0,20
global.css,83,css,d33a167e,Arcilios,2025-04-18,17:22:06,-07:00,2025-04-18T17:22:06-07:00,0,0
global.css,84,css,d33a167e,Arcilios,2025-04-18,17:22:06,-07:00,2025-04-18T17:22:06-07:00,0,0
global.css,85,css,d33a167e,Arcilios,2025-04-18,17:22:06,-07:00,2025-04-18T17:22:06-07:00,0,12
global.css,86,css,d33a167e,Arcilios,2025-04-18,17:22:06,-07:00,2025-04-18T17:22:06-07:00,0,17
global.css,87,css,d33a167e,Arcilios,2025-04-18,17:22:06,-07:00,2025-04-18T17:22:06-07:00,0,0
global.css,88,css,d33a167e,Arcilios,2025-04-18,17:22:06,-07:00,2025-04-18T17:22:06-07:00,0,0
global.css,89,css,d33a167e,Arcilios,2025-04-18,17:22:06,-07:00,2025-04-18T17:22:06-07:00,0,7
global.css,90,css,d33a167e,Arcilios,2025-04-18,17:22:06,-07:00,2025-04-18T17:22:06-07:00,0,21
global.css,91,css,d33a167e,Arcilios,2025-04-18,17:22:06,-07:00,2025-04-18T17:22:06-07:00,0,18
global.css,92,css,d33a167e,Arcilios,2025-04-18,17:22:06,-07:00,2025-04-18T17:22:06-07:00,0,0
global.css,93,css,d33a167e,Arcilios,2025-04-18,17:22:06,-07:00,2025-04-18T17:22:06-07:00,0,0
global.css,94,css,d33a167e,Arcilios,2025-04-18,17:22:06,-07:00,2025-04-18T17:22:06-07:00,0,10
global.css,95,css,d33a167e,Arcilios,2025-04-18,17:22:06,-07:00,2025-04-18T17:22:06-07:00,0,13
global.css,96,css,d33a167e,Arcilios,2025-04-18,17:22:06,-07:00,2025-04-18T17:22:06-07:00,0,59
global.css,97,css,d33a167e,Arcilios,2025-04-18,17:22:06,-07:00,2025-04-18T17:22:06-07:00,0,8
global.css,98,css,d33a167e,Arcilios,2025-04-18,17:22:06,-07:00,2025-04-18T17:22:06-07:00,0,0
global.css,99,css,d33a167e,Arcilios,2025-04-18,17:22:06,-07:00,2025-04-18T17:22:06-07:00,0,0
global.css,100,css,d33a167e,Arcilios,2025-04-18,17:22:06,-07:00,2025-04-18T17:22:06-07:00,0,8
global.css,101,css,d33a167e,Arcilios,2025-04-18,17:22:06,-07:00,2025-04-18T17:22:06-07:00,0,13
global.css,102,css,d33a167e,Arcilios,2025-04-18,17:22:06,-07:00,2025-04-18T17:22:06-07:00,0,27
global.css,103,css,d33a167e,Arcilios,2025-04-18,17:22:06,-07:00,2025-04-18T17:22:06-07:00,0,16
global.css,104,css,d33a167e,Arcilios,2025-04-18,17:22:06,-07:00,2025-04-18T17:22:06-07:00,0,0
global.css,105,css,d33a167e,Arcilios,2025-04-18,17:22:06,-07:00,2025-04-18T17:22:06-07:00,0,0
global.css,106,css,d33a167e,Arcilios,2025-04-18,17:22:06,-07:00,2025-04-18T17:22:06-07:00,0,3
global.css,107,css,d33a167e,Arcilios,2025-04-18,17:22:06,-07:00,2025-04-18T17:22:06-07:00,0,15
global.css,108,css,d33a167e,Arcilios,2025-04-18,17:22:06,-07:00,2025-04-18T17:22:06-07:00,0,0
global.css,109,css,d33a167e,Arcilios,2025-04-18,17:22:06,-07:00,2025-04-18T17:22:06-07:00,0,0
global.css,110,css,d33a167e,Arcilios,2025-04-18,17:22:06,-07:00,2025-04-18T17:22:06-07:00,0,11
global.css,111,css,d33a167e,Arcilios,2025-04-18,17:22:06,-07:00,2025-04-18T17:22:06-07:00,0,16
global.css,112,css,d33a167e,Arcilios,2025-04-18,17:22:06,-07:00,2025-04-18T17:22:06-07:00,0,18
global.css,113,css,d33a167e,Arcilios,2025-04-18,17:22:06,-07:00,2025-04-18T17:22:06-07:00,0,0
global.css,114,css,d33a167e,Arcilios,2025-04-18,17:22:06,-07:00,2025-04-18T17:22:06-07:00,0,0
global.css,115,css,d33a167e,Arcilios,2025-04-18,17:22:06,-07:00,2025-04-18T17:22:06-07:00,0,24
global.css,116,css,d33a167e,Arcilios,2025-04-18,17:22:06,-07:00,2025-04-18T17:22:06-07:00,0,13
global.css,117,css,d33a167e,Arcilios,2025-04-18,17:22:06,-07:00,2025-04-18T17:22:06-07:00,0,0
global.css,118,css,d33a167e,Arcilios,2025-04-18,17:22:06,-07:00,2025-04-18T17:22:06-07:00,0,0
global.css,119,css,d33a167e,Arcilios,2025-04-18,17:22:06,-07:00,2025-04-18T17:22:06-07:00,0,5
global.css,120,css,d33a167e,Arcilios,2025-04-18,17:22:06,-07:00,2025-04-18T17:22:06-07:00,0,13
global.css,121,css,d33a167e,Arcilios,2025-04-18,17:22:06,-07:00,2025-04-18T17:22:06-07:00,0,31
global.css,122,css,d33a167e,Arcilios,2025-04-18,17:22:06,-07:00,2025-04-18T17:22:06-07:00,0,8
global.css,123,css,d33a167e,Arcilios,2025-04-18,17:22:06,-07:00,2025-04-18T17:22:06-07:00,0,0
global.css,124,css,d33a167e,Arcilios,2025-04-18,17:22:06,-07:00,2025-04-18T17:22:06-07:00,0,0
global.css,125,css,d33a167e,Arcilios,2025-04-18,17:22:06,-07:00,2025-04-18T17:22:06-07:00,0,6
global.css,126,css,d33a167e,Arcilios,2025-04-18,17:22:06,-07:00,2025-04-18T17:22:06-07:00,0,14
global.css,127,css,d33a167e,Arcilios,2025-04-18,17:22:06,-07:00,2025-04-18T17:22:06-07:00,0,0
global.css,128,css,d33a167e,Arcilios,2025-04-18,17:22:06,-07:00,2025-04-18T17:22:06-07:00,0,0
global.css,129,css,d33a167e,Arcilios,2025-04-18,17:22:06,-07:00,2025-04-18T17:22:06-07:00,0,16
global.css,130,css,d33a167e,Arcilios,2025-04-18,17:22:06,-07:00,2025-04-18T17:22:06-07:00,0,14
global.css,131,css,d33a167e,Arcilios,2025-04-18,17:22:06,-07:00,2025-04-18T17:22:06-07:00,0,14
global.css,132,css,d33a167e,Arcilios,2025-04-18,17:22:06,-07:00,2025-04-18T17:22:06-07:00,0,22
global.css,133,css,d33a167e,Arcilios,2025-04-18,17:22:06,-07:00,2025-04-18T17:22:06-07:00,0,18
global.css,134,css,d33a167e,Arcilios,2025-04-18,17:22:06,-07:00,2025-04-18T17:22:06-07:00,0,0
global.css,135,css,d33a167e,Arcilios,2025-04-18,17:22:06,-07:00,2025-04-18T17:22:06-07:00,0,0
global.css,136,css,d33a167e,Arcilios,2025-04-18,17:22:06,-07:00,2025-04-18T17:22:06-07:00,0,7
global.css,137,css,d33a167e,Arcilios,2025-04-18,17:22:06,-07:00,2025-04-18T17:22:06-07:00,0,19
global.css,138,css,d33a167e,Arcilios,2025-04-18,17:22:06,-07:00,2025-04-18T17:22:06-07:00,0,37
global.css,139,css,d33a167e,Arcilios,2025-04-18,17:22:06,-07:00,2025-04-18T17:22:06-07:00,0,12
global.css,140,css,d33a167e,Arcilios,2025-04-18,17:22:06,-07:00,2025-04-18T17:22:06-07:00,0,12
global.css,141,css,d33a167e,Arcilios,2025-04-18,17:22:06,-07:00,2025-04-18T17:22:06-07:00,0,18
global.css,142,css,d33a167e,Arcilios,2025-04-18,17:22:06,-07:00,2025-04-18T17:22:06-07:00,0,18
global.css,143,css,d33a167e,Arcilios,2025-04-18,17:22:06,-07:00,2025-04-18T17:22:06-07:00,0,15
global.css,144,css,d33a167e,Arcilios,2025-04-18,17:22:06,-07:00,2025-04-18T17:22:06-07:00,0,33
global.css,145,css,d33a167e,Arcilios,2025-04-18,17:22:06,-07:00,2025-04-18T17:22:06-07:00,0,0
global.css,146,css,d33a167e,Arcilios,2025-04-18,17:22:06,-07:00,2025-04-18T17:22:06-07:00,0,0
global.css,147,css,d33a167e,Arcilios,2025-04-18,17:22:06,-07:00,2025-04-18T17:22:06-07:00,0,13
global.css,148,css,d33a167e,Arcilios,2025-04-18,17:22:06,-07:00,2025-04-18T17:22:06-07:00,0,37
global.css,149,css,d33a167e,Arcilios,2025-04-18,17:22:06,-07:00,2025-04-18T17:22:06-07:00,0,0
global.css,150,css,a0b80720,Arcilios,2025-05-02,12:20:27,-07:00,2025-05-02T12:20:27-07:00,0,9
global.css,151,css,a0b80720,Arcilios,2025-05-02,12:20:27,-07:00,2025-05-02T12:20:27-07:00,0,23
global.css,152,css,a0b80720,Arcilios,2025-05-02,12:20:27,-07:00,2025-05-02T12:20:27-07:00,0,29
global.css,153,css,a0b80720,Arcilios,2025-05-02,12:20:27,-07:00,2025-05-02T12:20:27-07:00,0,11
global.css,154,css,a0b80720,Arcilios,2025-05-02,12:20:27,-07:00,2025-05-02T12:20:27-07:00,0,0
global.css,155,css,a0b80720,Arcilios,2025-05-02,12:20:27,-07:00,2025-05-02T12:20:27-07:00,0,22
global.css,156,css,a0b80720,Arcilios,2025-05-02,12:20:27,-07:00,2025-05-02T12:20:27-07:00,0,13
global.css,157,css,a0b80720,Arcilios,2025-05-02,12:20:27,-07:00,2025-05-02T12:20:27-07:00,0,15
global.css,158,css,a0b80720,Arcilios,2025-05-02,12:20:27,-07:00,2025-05-02T12:20:27-07:00,0,9
global.css,159,css,a0b80720,Arcilios,2025-05-02,12:20:27,-07:00,2025-05-02T12:20:27-07:00,0,23
global.css,160,css,a0b80720,Arcilios,2025-05-02,12:20:27,-07:00,2025-05-02T12:20:27-07:00,0,19
global.css,161,css,a0b80720,Arcilios,2025-05-02,12:20:27,-07:00,2025-05-02T12:20:27-07:00,0,16
global.css,162,css,a0b80720,Arcilios,2025-05-02,12:20:27,-07:00,2025-05-02T12:20:27-07:00,0,0
global.css,163,css,a0b80720,Arcilios,2025-05-02,12:20:27,-07:00,2025-05-02T12:20:27-07:00,0,0
global.css,164,css,a0b80720,Arcilios,2025-05-02,12:20:27,-07:00,2025-05-02T12:20:27-07:00,0,8
global.css,165,css,a0b80720,Arcilios,2025-05-02,12:20:27,-07:00,2025-05-02T12:20:27-07:00,0,13
global.css,166,css,a0b80720,Arcilios,2025-05-02,12:20:27,-07:00,2025-05-02T12:20:27-07:00,0,58
global.css,167,css,a0b80720,Arcilios,2025-05-02,12:20:27,-07:00,2025-05-02T12:20:27-07:00,0,11
global.css,168,css,a0b80720,Arcilios,2025-05-02,12:20:27,-07:00,2025-05-02T12:20:27-07:00,0,16
global.css,169,css,a0b80720,Arcilios,2025-05-02,12:20:27,-07:00,2025-05-02T12:20:27-07:00,0,13
global.css,170,css,a0b80720,Arcilios,2025-05-02,12:20:27,-07:00,2025-05-02T12:20:27-07:00,0,22
global.css,171,css,a0b80720,Arcilios,2025-05-02,12:20:27,-07:00,2025-05-02T12:20:27-07:00,0,18
global.css,172,css,a0b80720,Arcilios,2025-05-02,12:20:27,-07:00,2025-05-02T12:20:27-07:00,0,17
global.css,173,css,a0b80720,Arcilios,2025-05-02,12:20:27,-07:00,2025-05-02T12:20:27-07:00,0,0
global.css,174,css,a0b80720,Arcilios,2025-05-02,12:20:27,-07:00,2025-05-02T12:20:27-07:00,0,0
global.css,175,css,a0b80720,Arcilios,2025-05-02,12:20:27,-07:00,2025-05-02T12:20:27-07:00,0,11
global.css,176,css,a0b80720,Arcilios,2025-05-02,12:20:27,-07:00,2025-05-02T12:20:27-07:00,0,13
global.css,177,css,a0b80720,Arcilios,2025-05-02,12:20:27,-07:00,2025-05-02T12:20:27-07:00,0,19
global.css,178,css,a0b80720,Arcilios,2025-05-02,12:20:27,-07:00,2025-05-02T12:20:27-07:00,0,11
global.css,179,css,a0b80720,Arcilios,2025-05-02,12:20:27,-07:00,2025-05-02T12:20:27-07:00,0,15
global.css,180,css,a0b80720,Arcilios,2025-05-02,12:20:27,-07:00,2025-05-02T12:20:27-07:00,0,0
global.css,181,css,a0b80720,Arcilios,2025-05-02,12:20:27,-07:00,2025-05-02T12:20:27-07:00,0,0
global.css,182,css,a0b80720,Arcilios,2025-05-02,12:20:27,-07:00,2025-05-02T12:20:27-07:00,0,16
global.css,183,css,a0b80720,Arcilios,2025-05-02,12:20:27,-07:00,2025-05-02T12:20:27-07:00,0,10
global.css,184,css,a0b80720,Arcilios,2025-05-02,12:20:27,-07:00,2025-05-02T12:20:27-07:00,0,11
global.css,185,css,a0b80720,Arcilios,2025-05-02,12:20:27,-07:00,2025-05-02T12:20:27-07:00,0,24
global.css,186,css,a0b80720,Arcilios,2025-05-02,12:20:27,-07:00,2025-05-02T12:20:27-07:00,0,18
global.css,187,css,a0b80720,Arcilios,2025-05-02,12:20:27,-07:00,2025-05-02T12:20:27-07:00,0,21
global.css,188,css,a0b80720,Arcilios,2025-05-02,12:20:27,-07:00,2025-05-02T12:20:27-07:00,0,0
global.css,189,css,a0b80720,Arcilios,2025-05-02,12:20:27,-07:00,2025-05-02T12:20:27-07:00,0,0
global.css,190,css,a0b80720,Arcilios,2025-05-02,12:20:27,-07:00,2025-05-02T12:20:27-07:00,0,20
global.css,191,css,a0b80720,Arcilios,2025-05-02,12:20:27,-07:00,2025-05-02T12:20:27-07:00,0,36
global.css,192,css,a0b80720,Arcilios,2025-05-02,12:20:27,-07:00,2025-05-02T12:20:27-07:00,0,0
global.css,193,css,a0b80720,Arcilios,2025-05-02,12:20:27,-07:00,2025-05-02T12:20:27-07:00,0,0
global.css,194,css,a0b80720,Arcilios,2025-05-02,12:20:27,-07:00,2025-05-02T12:20:27-07:00,0,16
global.css,195,css,a0b80720,Arcilios,2025-05-02,12:20:27,-07:00,2025-05-02T12:20:27-07:00,0,26
global.css,196,css,a0b80720,Arcilios,2025-05-02,12:20:27,-07:00,2025-05-02T12:20:27-07:00,0,0
global.css,197,css,a0b80720,Arcilios,2025-05-02,12:20:27,-07:00,2025-05-02T12:20:27-07:00,0,0
global.css,198,css,a0b80720,Arcilios,2025-05-02,12:20:27,-07:00,2025-05-02T12:20:27-07:00,0,11
global.css,199,css,a0b80720,Arcilios,2025-05-02,12:20:27,-07:00,2025-05-02T12:20:27-07:00,0,11
global.css,200,css,a0b80720,Arcilios,2025-05-02,12:20:27,-07:00,2025-05-02T12:20:27-07:00,0,15
global.css,201,css,a0b80720,Arcilios,2025-05-02,12:20:27,-07:00,2025-05-02T12:20:27-07:00,0,21
global.css,202,css,a0b80720,Arcilios,2025-05-02,12:20:27,-07:00,2025-05-02T12:20:27-07:00,0,22
global.css,203,css,a0b80720,Arcilios,2025-05-02,12:20:27,-07:00,2025-05-02T12:20:27-07:00,0,18
global.css,204,css,a0b80720,Arcilios,2025-05-02,12:20:27,-07:00,2025-05-02T12:20:27-07:00,0,22
global.css,205,css,a0b80720,Arcilios,2025-05-02,12:20:27,-07:00,2025-05-02T12:20:27-07:00,0,0
global.css,206,css,a0b80720,Arcilios,2025-05-02,12:20:27,-07:00,2025-05-02T12:20:27-07:00,0,0
global.css,207,css,a0b80720,Arcilios,2025-05-02,12:20:27,-07:00,2025-05-02T12:20:27-07:00,0,37
global.css,208,css,a0b80720,Arcilios,2025-05-02,12:20:27,-07:00,2025-05-02T12:20:27-07:00,0,12
global.css,209,css,a0b80720,Arcilios,2025-05-02,12:20:27,-07:00,2025-05-02T12:20:27-07:00,0,0
global.css,210,css,a0b80720,Arcilios,2025-05-02,12:20:27,-07:00,2025-05-02T12:20:27-07:00,0,0
global.css,211,css,a0b80720,Arcilios,2025-05-02,12:20:27,-07:00,2025-05-02T12:20:27-07:00,0,5
global.css,212,css,a0b80720,Arcilios,2025-05-02,12:20:27,-07:00,2025-05-02T12:20:27-07:00,0,29
global.css,213,css,a0b80720,Arcilios,2025-05-02,12:20:27,-07:00,2025-05-02T12:20:27-07:00,0,15
global.css,214,css,a0b80720,Arcilios,2025-05-02,12:20:27,-07:00,2025-05-02T12:20:27-07:00,0,0
global.css,215,css,a0b80720,Arcilios,2025-05-02,12:20:27,-07:00,2025-05-02T12:20:27-07:00,0,0
global.css,216,css,a0b80720,Arcilios,2025-05-02,12:20:27,-07:00,2025-05-02T12:20:27-07:00,0,14
global.css,217,css,a0b80720,Arcilios,2025-05-02,12:20:27,-07:00,2025-05-02T12:20:27-07:00,0,33
global.css,218,css,a0b80720,Arcilios,2025-05-02,12:20:27,-07:00,2025-05-02T12:20:27-07:00,0,0
global.css,219,css,a0b80720,Arcilios,2025-05-02,12:20:27,-07:00,2025-05-02T12:20:27-07:00,0,0
global.css,220,css,a0b80720,Arcilios,2025-05-02,12:20:27,-07:00,2025-05-02T12:20:27-07:00,0,20
global.css,221,css,a0b80720,Arcilios,2025-05-02,12:20:27,-07:00,2025-05-02T12:20:27-07:00,0,36
global.css,222,css,a0b80720,Arcilios,2025-05-02,12:20:27,-07:00,2025-05-02T12:20:27-07:00,0,0
projects\projects.js,1,js,7b2af6d2,Arcilios,2025-05-02,13:55:52,-07:00,2025-05-02T13:55:52-07:00,0,56
projects\projects.js,2,js,91478917,Arcilios,2025-04-25,20:16:01,-07:00,2025-04-25T20:16:01-07:00,0,0
projects\projects.js,3,js,91478917,Arcilios,2025-04-25,20:16:01,-07:00,2025-04-25T20:16:01-07:00,0,22
projects\projects.js,4,js,a0b80720,Arcilios,2025-05-02,12:20:27,-07:00,2025-05-02T12:20:27-07:00,0,32
projects\projects.js,5,js,a0b80720,Arcilios,2025-05-02,12:20:27,-07:00,2025-05-02T12:20:27-07:00,0,13
projects\projects.js,6,js,a0b80720,Arcilios,2025-05-02,12:20:27,-07:00,2025-05-02T12:20:27-07:00,0,24
projects\projects.js,7,js,a0b80720,Arcilios,2025-05-02,12:20:27,-07:00,2025-05-02T12:20:27-07:00,0,29
projects\projects.js,8,js,a0b80720,Arcilios,2025-05-02,12:20:27,-07:00,2025-05-02T12:20:27-07:00,0,28
projects\projects.js,9,js,a0b80720,Arcilios,2025-05-02,12:20:27,-07:00,2025-05-02T12:20:27-07:00,0,27
projects\projects.js,10,js,a0b80720,Arcilios,2025-05-02,12:20:27,-07:00,2025-05-02T12:20:27-07:00,0,22
projects\projects.js,11,js,a0b80720,Arcilios,2025-05-02,12:20:27,-07:00,2025-05-02T12:20:27-07:00,0,29
projects\projects.js,12,js,a0b80720,Arcilios,2025-05-02,12:20:27,-07:00,2025-05-02T12:20:27-07:00,0,26
projects\projects.js,13,js,a0b80720,Arcilios,2025-05-02,12:20:27,-07:00,2025-05-02T12:20:27-07:00,0,31
projects\projects.js,14,js,a0b80720,Arcilios,2025-05-02,12:20:27,-07:00,2025-05-02T12:20:27-07:00,0,20
projects\projects.js,15,js,a0b80720,Arcilios,2025-05-02,12:20:27,-07:00,2025-05-02T12:20:27-07:00,0,0
projects\projects.js,16,js,91478917,Arcilios,2025-04-25,20:16:01,-07:00,2025-04-25T20:16:01-07:00,0,61
projects\projects.js,17,js,7b2af6d2,Arcilios,2025-05-02,13:55:52,-07:00,2025-05-02T13:55:52-07:00,0,56
projects\projects.js,18,js,91478917,Arcilios,2025-04-25,20:16:01,-07:00,2025-04-25T20:16:01-07:00,0,49
projects\projects.js,19,js,91478917,Arcilios,2025-04-25,20:16:01,-07:00,2025-04-25T20:16:01-07:00,0,0
projects\projects.js,20,js,a0b80720,Arcilios,2025-05-02,12:20:27,-07:00,2025-05-02T12:20:27-07:00,0,70
projects\projects.js,21,js,a0b80720,Arcilios,2025-05-02,12:20:27,-07:00,2025-05-02T12:20:27-07:00,0,0
projects\projects.js,22,js,a0b80720,Arcilios,2025-05-02,12:20:27,-07:00,2025-05-02T12:20:27-07:00,0,31
projects\projects.js,23,js,a0b80720,Arcilios,2025-05-02,12:20:27,-07:00,2025-05-02T12:20:27-07:00,0,32
projects\projects.js,24,js,a0b80720,Arcilios,2025-05-02,12:20:27,-07:00,2025-05-02T12:20:27-07:00,0,34
projects\projects.js,25,js,a0b80720,Arcilios,2025-05-02,12:20:27,-07:00,2025-05-02T12:20:27-07:00,0,42
projects\projects.js,26,js,a0b80720,Arcilios,2025-05-02,12:20:27,-07:00,2025-05-02T12:20:27-07:00,0,50
projects\projects.js,27,js,a0b80720,Arcilios,2025-05-02,12:20:27,-07:00,2025-05-02T12:20:27-07:00,0,40
projects\projects.js,28,js,a0b80720,Arcilios,2025-05-02,12:20:27,-07:00,2025-05-02T12:20:27-07:00,0,55
projects\projects.js,29,js,a0b80720,Arcilios,2025-05-02,12:20:27,-07:00,2025-05-02T12:20:27-07:00,0,0
projects\projects.js,30,js,a0b80720,Arcilios,2025-05-02,12:20:27,-07:00,2025-05-02T12:20:27-07:00,0,23
projects\projects.js,31,js,a0b80720,Arcilios,2025-05-02,12:20:27,-07:00,2025-05-02T12:20:27-07:00,0,21
projects\projects.js,32,js,a0b80720,Arcilios,2025-05-02,12:20:27,-07:00,2025-05-02T12:20:27-07:00,0,0
projects\projects.js,33,js,a0b80720,Arcilios,2025-05-02,12:20:27,-07:00,2025-05-02T12:20:27-07:00,0,21
projects\projects.js,34,js,a0b80720,Arcilios,2025-05-02,12:20:27,-07:00,2025-05-02T12:20:27-07:00,0,22
projects\projects.js,35,js,a0b80720,Arcilios,2025-05-02,12:20:27,-07:00,2025-05-02T12:20:27-07:00,0,50
projects\projects.js,36,js,a0b80720,Arcilios,2025-05-02,12:20:27,-07:00,2025-05-02T12:20:27-07:00,0,2
projects\projects.js,37,js,a0b80720,Arcilios,2025-05-02,12:20:27,-07:00,2025-05-02T12:20:27-07:00,0,42
projects\projects.js,38,js,a0b80720,Arcilios,2025-05-02,12:20:27,-07:00,2025-05-02T12:20:27-07:00,0,11
projects\projects.js,39,js,a0b80720,Arcilios,2025-05-02,12:20:27,-07:00,2025-05-02T12:20:27-07:00,0,27
projects\projects.js,40,js,a0b80720,Arcilios,2025-05-02,12:20:27,-07:00,2025-05-02T12:20:27-07:00,0,3
projects\projects.js,41,js,a0b80720,Arcilios,2025-05-02,12:20:27,-07:00,2025-05-02T12:20:27-07:00,0,0
projects\projects.js,42,js,a0b80720,Arcilios,2025-05-02,12:20:27,-07:00,2025-05-02T12:20:27-07:00,0,85
projects\projects.js,43,js,a0b80720,Arcilios,2025-05-02,12:20:27,-07:00,2025-05-02T12:20:27-07:00,0,32
projects\projects.js,44,js,a0b80720,Arcilios,2025-05-02,12:20:27,-07:00,2025-05-02T12:20:27-07:00,0,22
projects\projects.js,45,js,a0b80720,Arcilios,2025-05-02,12:20:27,-07:00,2025-05-02T12:20:27-07:00,0,7
projects\projects.js,46,js,a0b80720,Arcilios,2025-05-02,12:20:27,-07:00,2025-05-02T12:20:27-07:00,0,14
projects\projects.js,47,js,a0b80720,Arcilios,2025-05-02,12:20:27,-07:00,2025-05-02T12:20:27-07:00,0,14
projects\projects.js,48,js,a0b80720,Arcilios,2025-05-02,12:20:27,-07:00,2025-05-02T12:20:27-07:00,0,38
projects\projects.js,49,js,a0b80720,Arcilios,2025-05-02,12:20:27,-07:00,2025-05-02T12:20:27-07:00,0,36
projects\projects.js,50,js,a0b80720,Arcilios,2025-05-02,12:20:27,-07:00,2025-05-02T12:20:27-07:00,0,24
projects\projects.js,51,js,a0b80720,Arcilios,2025-05-02,12:20:27,-07:00,2025-05-02T12:20:27-07:00,0,28
projects\projects.js,52,js,a0b80720,Arcilios,2025-05-02,12:20:27,-07:00,2025-05-02T12:20:27-07:00,0,31
projects\projects.js,53,js,a0b80720,Arcilios,2025-05-02,12:20:27,-07:00,2025-05-02T12:20:27-07:00,0,6
projects\projects.js,54,js,a0b80720,Arcilios,2025-05-02,12:20:27,-07:00,2025-05-02T12:20:27-07:00,0,19
projects\projects.js,55,js,a0b80720,Arcilios,2025-05-02,12:20:27,-07:00,2025-05-02T12:20:27-07:00,0,81
projects\projects.js,56,js,a0b80720,Arcilios,2025-05-02,12:20:27,-07:00,2025-05-02T12:20:27-07:00,0,1
projects\projects.js,57,js,a0b80720,Arcilios,2025-05-02,12:20:27,-07:00,2025-05-02T12:20:27-07:00,0,28
projects\projects.js,58,js,a0b80720,Arcilios,2025-05-02,12:20:27,-07:00,2025-05-02T12:20:27-07:00,0,6
projects\projects.js,59,js,a0b80720,Arcilios,2025-05-02,12:20:27,-07:00,2025-05-02T12:20:27-07:00,0,40
projects\projects.js,60,js,a0b80720,Arcilios,2025-05-02,12:20:27,-07:00,2025-05-02T12:20:27-07:00,0,40
projects\projects.js,61,js,a0b80720,Arcilios,2025-05-02,12:20:27,-07:00,2025-05-02T12:20:27-07:00,0,1
projects\projects.js,62,js,a0b80720,Arcilios,2025-05-02,12:20:27,-07:00,2025-05-02T12:20:27-07:00,0,22
projects\projects.js,63,js,a0b80720,Arcilios,2025-05-02,12:20:27,-07:00,2025-05-02T12:20:27-07:00,0,27
projects\projects.js,64,js,a0b80720,Arcilios,2025-05-02,12:20:27,-07:00,2025-05-02T12:20:27-07:00,0,1
projects\projects.js,65,js,a0b80720,Arcilios,2025-05-02,12:20:27,-07:00,2025-05-02T12:20:27-07:00,0,27
projects\projects.js,66,js,a0b80720,Arcilios,2025-05-02,12:20:27,-07:00,2025-05-02T12:20:27-07:00,0,66
projects\projects.js,67,js,a0b80720,Arcilios,2025-05-02,12:20:27,-07:00,2025-05-02T12:20:27-07:00,0,17
projects\projects.js,68,js,a0b80720,Arcilios,2025-05-02,12:20:27,-07:00,2025-05-02T12:20:27-07:00,0,2
projects\projects.js,69,js,a0b80720,Arcilios,2025-05-02,12:20:27,-07:00,2025-05-02T12:20:27-07:00,0,0
projects\projects.js,70,js,a0b80720,Arcilios,2025-05-02,12:20:27,-07:00,2025-05-02T12:20:27-07:00,0,44
projects\projects.js,71,js,a0b80720,Arcilios,2025-05-02,12:20:27,-07:00,2025-05-02T12:20:27-07:00,0,30
projects\projects.js,72,js,a0b80720,Arcilios,2025-05-02,12:20:27,-07:00,2025-05-02T12:20:27-07:00,0,14
projects\projects.js,73,js,a0b80720,Arcilios,2025-05-02,12:20:27,-07:00,2025-05-02T12:20:27-07:00,0,12
projects\projects.js,74,js,a0b80720,Arcilios,2025-05-02,12:20:27,-07:00,2025-05-02T12:20:27-07:00,0,32
projects\projects.js,75,js,a0b80720,Arcilios,2025-05-02,12:20:27,-07:00,2025-05-02T12:20:27-07:00,0,26
projects\projects.js,76,js,a0b80720,Arcilios,2025-05-02,12:20:27,-07:00,2025-05-02T12:20:27-07:00,0,69
projects\projects.js,77,js,a0b80720,Arcilios,2025-05-02,12:20:27,-07:00,2025-05-02T12:20:27-07:00,0,19
projects\projects.js,78,js,a0b80720,Arcilios,2025-05-02,12:20:27,-07:00,2025-05-02T12:20:27-07:00,0,56
projects\projects.js,79,js,a0b80720,Arcilios,2025-05-02,12:20:27,-07:00,2025-05-02T12:20:27-07:00,0,17
projects\projects.js,80,js,a0b80720,Arcilios,2025-05-02,12:20:27,-07:00,2025-05-02T12:20:27-07:00,0,2
projects\projects.js,81,js,a0b80720,Arcilios,2025-05-02,12:20:27,-07:00,2025-05-02T12:20:27-07:00,0,2
projects\projects.js,82,js,a0b80720,Arcilios,2025-05-02,12:20:27,-07:00,2025-05-02T12:20:27-07:00,0,0
projects\projects.js,83,js,a0b80720,Arcilios,2025-05-02,12:20:27,-07:00,2025-05-02T12:20:27-07:00,0,27
projects\projects.js,84,js,a0b80720,Arcilios,2025-05-02,12:20:27,-07:00,2025-05-02T12:20:27-07:00,0,38
projects\projects.js,85,js,a0b80720,Arcilios,2025-05-02,12:20:27,-07:00,2025-05-02T12:20:27-07:00,0,66
projects\projects.js,86,js,a0b80720,Arcilios,2025-05-02,12:20:27,-07:00,2025-05-02T12:20:27-07:00,0,17
projects\projects.js,87,js,a0b80720,Arcilios,2025-05-02,12:20:27,-07:00,2025-05-02T12:20:27-07:00,0,21
projects\projects.js,88,js,a0b80720,Arcilios,2025-05-02,12:20:27,-07:00,2025-05-02T12:20:27-07:00,0,46
projects\projects.js,89,js,a0b80720,Arcilios,2025-05-02,12:20:27,-07:00,2025-05-02T12:20:27-07:00,0,69
projects\projects.js,90,js,a0b80720,Arcilios,2025-05-02,12:20:27,-07:00,2025-05-02T12:20:27-07:00,0,30
projects\projects.js,91,js,a0b80720,Arcilios,2025-05-02,12:20:27,-07:00,2025-05-02T12:20:27-07:00,0,2
projects\projects.js,92,js,a0b80720,Arcilios,2025-05-02,12:20:27,-07:00,2025-05-02T12:20:27-07:00,0,0
projects\projects.js,93,js,a0b80720,Arcilios,2025-05-02,12:20:27,-07:00,2025-05-02T12:20:27-07:00,0,20
projects\projects.js,94,js,a0b80720,Arcilios,2025-05-02,12:20:27,-07:00,2025-05-02T12:20:27-07:00,0,56
projects\projects.js,95,js,a0b80720,Arcilios,2025-05-02,12:20:27,-07:00,2025-05-02T12:20:27-07:00,0,0
projects\projects.js,96,js,a0b80720,Arcilios,2025-05-02,12:20:27,-07:00,2025-05-02T12:20:27-07:00,0,25
projects\projects.js,97,js,a0b80720,Arcilios,2025-05-02,12:20:27,-07:00,2025-05-02T12:20:27-07:00,0,33
projects\projects.js,98,js,a0b80720,Arcilios,2025-05-02,12:20:27,-07:00,2025-05-02T12:20:27-07:00,0,54
projects\projects.js,99,js,a0b80720,Arcilios,2025-05-02,12:20:27,-07:00,2025-05-02T12:20:27-07:00,0,2
projects\projects.js,100,js,a0b80720,Arcilios,2025-05-02,12:20:27,-07:00,2025-05-02T12:20:27-07:00,0,0
projects\projects.js,101,js,a0b80720,Arcilios,2025-05-02,12:20:27,-07:00,2025-05-02T12:20:27-07:00,0,49
projects\projects.js,102,js,a0b80720,Arcilios,2025-05-02,12:20:27,-07:00,2025-05-02T12:20:27-07:00,0,89
projects\projects.js,103,js,a0b80720,Arcilios,2025-05-02,12:20:27,-07:00,2025-05-02T12:20:27-07:00,0,0
projects\projects.js,104,js,a0b80720,Arcilios,2025-05-02,12:20:27,-07:00,2025-05-02T12:20:27-07:00,0,0
projects\projects.js,105,js,a0b80720,Arcilios,2025-05-02,12:20:27,-07:00,2025-05-02T12:20:27-07:00,0,70
projects\projects.js,106,js,a0b80720,Arcilios,2025-05-02,12:20:27,-07:00,2025-05-02T12:20:27-07:00,0,43
projects\projects.js,107,js,a0b80720,Arcilios,2025-05-02,12:20:27,-07:00,2025-05-02T12:20:27-07:00,0,17
projects\projects.js,108,js,a0b80720,Arcilios,2025-05-02,12:20:27,-07:00,2025-05-02T12:20:27-07:00,0,2
projects\projects.js,109,js,a0b80720,Arcilios,2025-05-02,12:20:27,-07:00,2025-05-02T12:20:27-07:00,0,0
projects\projects.js,110,js,a0b80720,Arcilios,2025-05-02,12:20:27,-07:00,2025-05-02T12:20:27-07:00,0,17
projects\projects.js,111,js,a0b80720,Arcilios,2025-05-02,12:20:27,-07:00,2025-05-02T12:20:27-07:00,0,0
projects\projects.js,112,js,91478917,Arcilios,2025-04-25,20:16:01,-07:00,2025-04-25T20:16:01-07:00,0,6
projects\index.html,1,html,240c10a5,Arcilios,2025-04-02,21:37:05,-07:00,2025-04-02T21:37:05-07:00,0,14
projects\index.html,2,html,240c10a5,Arcilios,2025-04-02,21:37:05,-07:00,2025-04-02T21:37:05-07:00,0,15
projects\index.html,3,html,240c10a5,Arcilios,2025-04-02,21:37:05,-07:00,2025-04-02T21:37:05-07:00,0,5
projects\index.html,4,html,91478917,Arcilios,2025-04-25,20:16:01,-07:00,2025-04-25T20:16:01-07:00,0,23
projects\index.html,5,html,91478917,Arcilios,2025-04-25,20:16:01,-07:00,2025-04-25T20:16:01-07:00,0,71
projects\index.html,6,html,91478917,Arcilios,2025-04-25,20:16:01,-07:00,2025-04-25T20:16:01-07:00,0,33
projects\index.html,7,html,91478917,Arcilios,2025-04-25,20:16:01,-07:00,2025-04-25T20:16:01-07:00,0,45
projects\index.html,8,html,240c10a5,Arcilios,2025-04-02,21:37:05,-07:00,2025-04-02T21:37:05-07:00,0,6
projects\index.html,9,html,240c10a5,Arcilios,2025-04-02,21:37:05,-07:00,2025-04-02T21:37:05-07:00,0,5
projects\index.html,10,html,a0b80720,Arcilios,2025-05-02,12:20:27,-07:00,2025-05-02T12:20:27-07:00,0,52
projects\index.html,11,html,91478917,Arcilios,2025-04-25,20:16:01,-07:00,2025-04-25T20:16:01-07:00,0,27
projects\index.html,12,html,a0b80720,Arcilios,2025-05-02,12:20:27,-07:00,2025-05-02T12:20:27-07:00,0,0
projects\index.html,13,html,a0b80720,Arcilios,2025-05-02,12:20:27,-07:00,2025-05-02T12:20:27-07:00,0,29
projects\index.html,14,html,a0b80720,Arcilios,2025-05-02,12:20:27,-07:00,2025-05-02T12:20:27-07:00,0,5
projects\index.html,15,html,a0b80720,Arcilios,2025-05-02,12:20:27,-07:00,2025-05-02T12:20:27-07:00,0,13
projects\index.html,16,html,a0b80720,Arcilios,2025-05-02,12:20:27,-07:00,2025-05-02T12:20:27-07:00,0,12
projects\index.html,17,html,a0b80720,Arcilios,2025-05-02,12:20:27,-07:00,2025-05-02T12:20:27-07:00,0,16
projects\index.html,18,html,a0b80720,Arcilios,2025-05-02,12:20:27,-07:00,2025-05-02T12:20:27-07:00,0,27
projects\index.html,19,html,a0b80720,Arcilios,2025-05-02,12:20:27,-07:00,2025-05-02T12:20:27-07:00,0,29
projects\index.html,20,html,a0b80720,Arcilios,2025-05-02,12:20:27,-07:00,2025-05-02T12:20:27-07:00,0,1
projects\index.html,21,html,a0b80720,Arcilios,2025-05-02,12:20:27,-07:00,2025-05-02T12:20:27-07:00,0,5
projects\index.html,22,html,a0b80720,Arcilios,2025-05-02,12:20:27,-07:00,2025-05-02T12:20:27-07:00,0,0
projects\index.html,23,html,a0b80720,Arcilios,2025-05-02,12:20:27,-07:00,2025-05-02T12:20:27-07:00,0,33
projects\index.html,24,html,a0b80720,Arcilios,2025-05-02,12:20:27,-07:00,2025-05-02T12:20:27-07:00,0,68
projects\index.html,25,html,a0b80720,Arcilios,2025-05-02,12:20:27,-07:00,2025-05-02T12:20:27-07:00,0,23
projects\index.html,26,html,a0b80720,Arcilios,2025-05-02,12:20:27,-07:00,2025-05-02T12:20:27-07:00,0,5
projects\index.html,27,html,91478917,Arcilios,2025-04-25,20:16:01,-07:00,2025-04-25T20:16:01-07:00,0,35
projects\index.html,28,html,a0b80720,Arcilios,2025-05-02,12:20:27,-07:00,2025-05-02T12:20:27-07:00,0,40
projects\index.html,29,html,a0b80720,Arcilios,2025-05-02,12:20:27,-07:00,2025-05-02T12:20:27-07:00,0,0
projects\index.html,30,html,91478917,Arcilios,2025-04-25,20:16:01,-07:00,2025-04-25T20:16:01-07:00,0,50
projects\index.html,31,html,240c10a5,Arcilios,2025-04-02,21:37:05,-07:00,2025-04-02T21:37:05-07:00,0,6
projects\index.html,32,html,91478917,Arcilios,2025-04-25,20:16:01,-07:00,2025-04-25T20:16:01-07:00,0,6
projects\project 2\project2_report.html,1,html,b2766ba3,Arcilios,2025-04-28,21:12:15,-07:00,2025-04-28T21:12:15-07:00,0,14
projects\project 2\project2_report.html,2,html,b2766ba3,Arcilios,2025-04-28,21:12:15,-07:00,2025-04-28T21:12:15-07:00,0,15
projects\project 2\project2_report.html,3,html,b2766ba3,Arcilios,2025-04-28,21:12:15,-07:00,2025-04-28T21:12:15-07:00,0,5
projects\project 2\project2_report.html,4,html,b2766ba3,Arcilios,2025-04-28,21:12:15,-07:00,2025-04-28T21:12:15-07:00,0,30
projects\project 2\project2_report.html,5,html,b2766ba3,Arcilios,2025-04-28,21:12:15,-07:00,2025-04-28T21:12:15-07:00,0,6
projects\project 2\project2_report.html,6,html,b2766ba3,Arcilios,2025-04-28,21:12:15,-07:00,2025-04-28T21:12:15-07:00,0,6
projects\project 2\project2_report.html,7,html,b2766ba3,Arcilios,2025-04-28,21:12:15,-07:00,2025-04-28T21:12:15-07:00,0,36
projects\project 2\project2_report.html,8,html,b2766ba3,Arcilios,2025-04-28,21:12:15,-07:00,2025-04-28T21:12:15-07:00,0,36
projects\project 2\project2_report.html,9,html,b2766ba3,Arcilios,2025-04-28,21:12:15,-07:00,2025-04-28T21:12:15-07:00,0,36
projects\project 2\project2_report.html,10,html,b2766ba3,Arcilios,2025-04-28,21:12:15,-07:00,2025-04-28T21:12:15-07:00,0,36
projects\project 2\project2_report.html,11,html,b2766ba3,Arcilios,2025-04-28,21:12:15,-07:00,2025-04-28T21:12:15-07:00,0,36
projects\project 2\project2_report.html,12,html,b2766ba3,Arcilios,2025-04-28,21:12:15,-07:00,2025-04-28T21:12:15-07:00,0,36
projects\project 2\project2_report.html,13,html,b2766ba3,Arcilios,2025-04-28,21:12:15,-07:00,2025-04-28T21:12:15-07:00,0,36
projects\project 2\project2_report.html,14,html,b2766ba3,Arcilios,2025-04-28,21:12:15,-07:00,2025-04-28T21:12:15-07:00,0,36
projects\project 2\project2_report.html,15,html,b2766ba3,Arcilios,2025-04-28,21:12:15,-07:00,2025-04-28T21:12:15-07:00,0,36
projects\project 2\project2_report.html,16,html,b2766ba3,Arcilios,2025-04-28,21:12:15,-07:00,2025-04-28T21:12:15-07:00,0,36
projects\project 2\project2_report.html,17,html,b2766ba3,Arcilios,2025-04-28,21:12:15,-07:00,2025-04-28T21:12:15-07:00,0,0
projects\project 2\project2_report.html,18,html,b2766ba3,Arcilios,2025-04-28,21:12:15,-07:00,2025-04-28T21:12:15-07:00,0,0
projects\project 2\project2_report.html,19,html,b2766ba3,Arcilios,2025-04-28,21:12:15,-07:00,2025-04-28T21:12:15-07:00,0,5
projects\project 2\project2_report.html,20,html,b2766ba3,Arcilios,2025-04-28,21:12:15,-07:00,2025-04-28T21:12:15-07:00,0,24
projects\project 2\project2_report.html,21,html,b2766ba3,Arcilios,2025-04-28,21:12:15,-07:00,2025-04-28T21:12:15-07:00,0,21
projects\project 2\project2_report.html,22,html,b2766ba3,Arcilios,2025-04-28,21:12:15,-07:00,2025-04-28T21:12:15-07:00,0,35
projects\project 2\project2_report.html,23,html,b2766ba3,Arcilios,2025-04-28,21:12:15,-07:00,2025-04-28T21:12:15-07:00,0,26
projects\project 2\project2_report.html,24,html,b2766ba3,Arcilios,2025-04-28,21:12:15,-07:00,2025-04-28T21:12:15-07:00,0,14
projects\project 2\project2_report.html,25,html,b2766ba3,Arcilios,2025-04-28,21:12:15,-07:00,2025-04-28T21:12:15-07:00,0,0
projects\project 2\project2_report.html,26,html,b2766ba3,Arcilios,2025-04-28,21:12:15,-07:00,2025-04-28T21:12:15-07:00,0,0
projects\project 2\project2_report.html,27,html,b2766ba3,Arcilios,2025-04-28,21:12:15,-07:00,2025-04-28T21:12:15-07:00,0,13
projects\project 2\project2_report.html,28,html,b2766ba3,Arcilios,2025-04-28,21:12:15,-07:00,2025-04-28T21:12:15-07:00,0,0
projects\project 2\project2_report.html,29,html,b2766ba3,Arcilios,2025-04-28,21:12:15,-07:00,2025-04-28T21:12:15-07:00,0,2
projects\project 2\project2_report.html,30,html,b2766ba3,Arcilios,2025-04-28,21:12:15,-07:00,2025-04-28T21:12:15-07:00,0,2
projects\project 2\project2_report.html,31,html,b2766ba3,Arcilios,2025-04-28,21:12:15,-07:00,2025-04-28T21:12:15-07:00,0,2
projects\project 2\project2_report.html,32,html,b2766ba3,Arcilios,2025-04-28,21:12:15,-07:00,2025-04-28T21:12:15-07:00,0,2
projects\project 2\project2_report.html,33,html,b2766ba3,Arcilios,2025-04-28,21:12:15,-07:00,2025-04-28T21:12:15-07:00,0,2
projects\project 2\project2_report.html,34,html,b2766ba3,Arcilios,2025-04-28,21:12:15,-07:00,2025-04-28T21:12:15-07:00,0,3
projects\project 2\project2_report.html,35,html,b2766ba3,Arcilios,2025-04-28,21:12:15,-07:00,2025-04-28T21:12:15-07:00,0,16
projects\project 2\project2_report.html,36,html,b2766ba3,Arcilios,2025-04-28,21:12:15,-07:00,2025-04-28T21:12:15-07:00,0,16
projects\project 2\project2_report.html,37,html,b2766ba3,Arcilios,2025-04-28,21:12:15,-07:00,2025-04-28T21:12:15-07:00,0,18
projects\project 2\project2_report.html,38,html,b2766ba3,Arcilios,2025-04-28,21:12:15,-07:00,2025-04-28T21:12:15-07:00,0,0
projects\project 2\project2_report.html,39,html,b2766ba3,Arcilios,2025-04-28,21:12:15,-07:00,2025-04-28T21:12:15-07:00,0,0
projects\project 2\project2_report.html,40,html,b2766ba3,Arcilios,2025-04-28,21:12:15,-07:00,2025-04-28T21:12:15-07:00,0,2
projects\project 2\project2_report.html,41,html,b2766ba3,Arcilios,2025-04-28,21:12:15,-07:00,2025-04-28T21:12:15-07:00,0,3
projects\project 2\project2_report.html,42,html,b2766ba3,Arcilios,2025-04-28,21:12:15,-07:00,2025-04-28T21:12:15-07:00,0,48
projects\project 2\project2_report.html,43,html,b2766ba3,Arcilios,2025-04-28,21:12:15,-07:00,2025-04-28T21:12:15-07:00,0,21
projects\project 2\project2_report.html,44,html,b2766ba3,Arcilios,2025-04-28,21:12:15,-07:00,2025-04-28T21:12:15-07:00,0,0
projects\project 2\project2_report.html,45,html,b2766ba3,Arcilios,2025-04-28,21:12:15,-07:00,2025-04-28T21:12:15-07:00,0,0
projects\project 2\project2_report.html,46,html,b2766ba3,Arcilios,2025-04-28,21:12:15,-07:00,2025-04-28T21:12:15-07:00,0,3
projects\project 2\project2_report.html,47,html,b2766ba3,Arcilios,2025-04-28,21:12:15,-07:00,2025-04-28T21:12:15-07:00,0,24
projects\project 2\project2_report.html,48,html,b2766ba3,Arcilios,2025-04-28,21:12:15,-07:00,2025-04-28T21:12:15-07:00,0,49
projects\project 2\project2_report.html,49,html,b2766ba3,Arcilios,2025-04-28,21:12:15,-07:00,2025-04-28T21:12:15-07:00,0,16
projects\project 2\project2_report.html,50,html,b2766ba3,Arcilios,2025-04-28,21:12:15,-07:00,2025-04-28T21:12:15-07:00,0,0
projects\project 2\project2_report.html,51,html,b2766ba3,Arcilios,2025-04-28,21:12:15,-07:00,2025-04-28T21:12:15-07:00,0,6
projects\project 2\project2_report.html,52,html,b2766ba3,Arcilios,2025-04-28,21:12:15,-07:00,2025-04-28T21:12:15-07:00,0,14
projects\project 2\project2_report.html,53,html,b2766ba3,Arcilios,2025-04-28,21:12:15,-07:00,2025-04-28T21:12:15-07:00,0,18
projects\project 2\project2_report.html,54,html,b2766ba3,Arcilios,2025-04-28,21:12:15,-07:00,2025-04-28T21:12:15-07:00,0,20
projects\project 2\project2_report.html,55,html,b2766ba3,Arcilios,2025-04-28,21:12:15,-07:00,2025-04-28T21:12:15-07:00,0,19
projects\project 2\project2_report.html,56,html,b2766ba3,Arcilios,2025-04-28,21:12:15,-07:00,2025-04-28T21:12:15-07:00,0,12
projects\project 2\project2_report.html,57,html,b2766ba3,Arcilios,2025-04-28,21:12:15,-07:00,2025-04-28T21:12:15-07:00,0,35
projects\project 2\project2_report.html,58,html,b2766ba3,Arcilios,2025-04-28,21:12:15,-07:00,2025-04-28T21:12:15-07:00,0,14
projects\project 2\project2_report.html,59,html,b2766ba3,Arcilios,2025-04-28,21:12:15,-07:00,2025-04-28T21:12:15-07:00,0,25
projects\project 2\project2_report.html,60,html,b2766ba3,Arcilios,2025-04-28,21:12:15,-07:00,2025-04-28T21:12:15-07:00,0,19
projects\project 2\project2_report.html,61,html,b2766ba3,Arcilios,2025-04-28,21:12:15,-07:00,2025-04-28T21:12:15-07:00,0,0
projects\project 2\project2_report.html,62,html,b2766ba3,Arcilios,2025-04-28,21:12:15,-07:00,2025-04-28T21:12:15-07:00,0,0
projects\project 2\project2_report.html,63,html,b2766ba3,Arcilios,2025-04-28,21:12:15,-07:00,2025-04-28T21:12:15-07:00,0,0
projects\project 2\project2_report.html,64,html,b2766ba3,Arcilios,2025-04-28,21:12:15,-07:00,2025-04-28T21:12:15-07:00,0,3
projects\project 2\project2_report.html,65,html,b2766ba3,Arcilios,2025-04-28,21:12:15,-07:00,2025-04-28T21:12:15-07:00,0,15
projects\project 2\project2_report.html,66,html,b2766ba3,Arcilios,2025-04-28,21:12:15,-07:00,2025-04-28T21:12:15-07:00,0,30
projects\project 2\project2_report.html,67,html,b2766ba3,Arcilios,2025-04-28,21:12:15,-07:00,2025-04-28T21:12:15-07:00,0,0
projects\project 2\project2_report.html,68,html,b2766ba3,Arcilios,2025-04-28,21:12:15,-07:00,2025-04-28T21:12:15-07:00,0,0
projects\project 2\project2_report.html,69,html,b2766ba3,Arcilios,2025-04-28,21:12:15,-07:00,2025-04-28T21:12:15-07:00,0,3
projects\project 2\project2_report.html,70,html,b2766ba3,Arcilios,2025-04-28,21:12:15,-07:00,2025-04-28T21:12:15-07:00,0,15
projects\project 2\project2_report.html,71,html,b2766ba3,Arcilios,2025-04-28,21:12:15,-07:00,2025-04-28T21:12:15-07:00,0,0
projects\project 2\project2_report.html,72,html,b2766ba3,Arcilios,2025-04-28,21:12:15,-07:00,2025-04-28T21:12:15-07:00,0,0
projects\project 2\project2_report.html,73,html,b2766ba3,Arcilios,2025-04-28,21:12:15,-07:00,2025-04-28T21:12:15-07:00,0,10
projects\project 2\project2_report.html,74,html,b2766ba3,Arcilios,2025-04-28,21:12:15,-07:00,2025-04-28T21:12:15-07:00,0,0
projects\project 2\project2_report.html,75,html,b2766ba3,Arcilios,2025-04-28,21:12:15,-07:00,2025-04-28T21:12:15-07:00,0,2
projects\project 2\project2_report.html,76,html,b2766ba3,Arcilios,2025-04-28,21:12:15,-07:00,2025-04-28T21:12:15-07:00,0,3
projects\project 2\project2_report.html,77,html,b2766ba3,Arcilios,2025-04-28,21:12:15,-07:00,2025-04-28T21:12:15-07:00,0,25
projects\project 2\project2_report.html,78,html,b2766ba3,Arcilios,2025-04-28,21:12:15,-07:00,2025-04-28T21:12:15-07:00,0,0
projects\project 2\project2_report.html,79,html,b2766ba3,Arcilios,2025-04-28,21:12:15,-07:00,2025-04-28T21:12:15-07:00,0,0
projects\project 2\project2_report.html,80,html,b2766ba3,Arcilios,2025-04-28,21:12:15,-07:00,2025-04-28T21:12:15-07:00,0,3
projects\project 2\project2_report.html,81,html,b2766ba3,Arcilios,2025-04-28,21:12:15,-07:00,2025-04-28T21:12:15-07:00,0,10
projects\project 2\project2_report.html,82,html,b2766ba3,Arcilios,2025-04-28,21:12:15,-07:00,2025-04-28T21:12:15-07:00,0,30
projects\project 2\project2_report.html,83,html,b2766ba3,Arcilios,2025-04-28,21:12:15,-07:00,2025-04-28T21:12:15-07:00,0,0
projects\project 2\project2_report.html,84,html,b2766ba3,Arcilios,2025-04-28,21:12:15,-07:00,2025-04-28T21:12:15-07:00,0,0
projects\project 2\project2_report.html,85,html,b2766ba3,Arcilios,2025-04-28,21:12:15,-07:00,2025-04-28T21:12:15-07:00,0,5
projects\project 2\project2_report.html,86,html,b2766ba3,Arcilios,2025-04-28,21:12:15,-07:00,2025-04-28T21:12:15-07:00,0,17
projects\project 2\project2_report.html,87,html,b2766ba3,Arcilios,2025-04-28,21:12:15,-07:00,2025-04-28T21:12:15-07:00,0,0
projects\project 2\project2_report.html,88,html,b2766ba3,Arcilios,2025-04-28,21:12:15,-07:00,2025-04-28T21:12:15-07:00,0,0
projects\project 2\project2_report.html,89,html,b2766ba3,Arcilios,2025-04-28,21:12:15,-07:00,2025-04-28T21:12:15-07:00,0,0
projects\project 2\project2_report.html,90,html,b2766ba3,Arcilios,2025-04-28,21:12:15,-07:00,2025-04-28T21:12:15-07:00,0,24
projects\project 2\project2_report.html,91,html,b2766ba3,Arcilios,2025-04-28,21:12:15,-07:00,2025-04-28T21:12:15-07:00,0,0
projects\project 2\project2_report.html,92,html,b2766ba3,Arcilios,2025-04-28,21:12:15,-07:00,2025-04-28T21:12:15-07:00,0,7
projects\project 2\project2_report.html,93,html,b2766ba3,Arcilios,2025-04-28,21:12:15,-07:00,2025-04-28T21:12:15-07:00,0,18
projects\project 2\project2_report.html,94,html,b2766ba3,Arcilios,2025-04-28,21:12:15,-07:00,2025-04-28T21:12:15-07:00,0,18
projects\project 2\project2_report.html,95,html,b2766ba3,Arcilios,2025-04-28,21:12:15,-07:00,2025-04-28T21:12:15-07:00,0,0
projects\project 2\project2_report.html,96,html,b2766ba3,Arcilios,2025-04-28,21:12:15,-07:00,2025-04-28T21:12:15-07:00,0,0
projects\project 2\project2_report.html,97,html,b2766ba3,Arcilios,2025-04-28,21:12:15,-07:00,2025-04-28T21:12:15-07:00,0,5
projects\project 2\project2_report.html,98,html,b2766ba3,Arcilios,2025-04-28,21:12:15,-07:00,2025-04-28T21:12:15-07:00,0,17
projects\project 2\project2_report.html,99,html,b2766ba3,Arcilios,2025-04-28,21:12:15,-07:00,2025-04-28T21:12:15-07:00,0,30
projects\project 2\project2_report.html,100,html,b2766ba3,Arcilios,2025-04-28,21:12:15,-07:00,2025-04-28T21:12:15-07:00,0,19
projects\project 2\project2_report.html,101,html,b2766ba3,Arcilios,2025-04-28,21:12:15,-07:00,2025-04-28T21:12:15-07:00,0,20
projects\project 2\project2_report.html,102,html,b2766ba3,Arcilios,2025-04-28,21:12:15,-07:00,2025-04-28T21:12:15-07:00,0,0
projects\project 2\project2_report.html,103,html,b2766ba3,Arcilios,2025-04-28,21:12:15,-07:00,2025-04-28T21:12:15-07:00,0,0
projects\project 2\project2_report.html,104,html,b2766ba3,Arcilios,2025-04-28,21:12:15,-07:00,2025-04-28T21:12:15-07:00,0,12
projects\project 2\project2_report.html,105,html,b2766ba3,Arcilios,2025-04-28,21:12:15,-07:00,2025-04-28T21:12:15-07:00,0,0
projects\project 2\project2_report.html,106,html,b2766ba3,Arcilios,2025-04-28,21:12:15,-07:00,2025-04-28T21:12:15-07:00,0,7
projects\project 2\project2_report.html,107,html,b2766ba3,Arcilios,2025-04-28,21:12:15,-07:00,2025-04-28T21:12:15-07:00,0,13
projects\project 2\project2_report.html,108,html,b2766ba3,Arcilios,2025-04-28,21:12:15,-07:00,2025-04-28T21:12:15-07:00,0,15
projects\project 2\project2_report.html,109,html,b2766ba3,Arcilios,2025-04-28,21:12:15,-07:00,2025-04-28T21:12:15-07:00,0,21
projects\project 2\project2_report.html,110,html,b2766ba3,Arcilios,2025-04-28,21:12:15,-07:00,2025-04-28T21:12:15-07:00,0,41
projects\project 2\project2_report.html,111,html,b2766ba3,Arcilios,2025-04-28,21:12:15,-07:00,2025-04-28T21:12:15-07:00,0,49
projects\project 2\project2_report.html,112,html,b2766ba3,Arcilios,2025-04-28,21:12:15,-07:00,2025-04-28T21:12:15-07:00,0,18
projects\project 2\project2_report.html,113,html,b2766ba3,Arcilios,2025-04-28,21:12:15,-07:00,2025-04-28T21:12:15-07:00,0,17
projects\project 2\project2_report.html,114,html,b2766ba3,Arcilios,2025-04-28,21:12:15,-07:00,2025-04-28T21:12:15-07:00,0,0
projects\project 2\project2_report.html,115,html,b2766ba3,Arcilios,2025-04-28,21:12:15,-07:00,2025-04-28T21:12:15-07:00,0,13
projects\project 2\project2_report.html,116,html,b2766ba3,Arcilios,2025-04-28,21:12:15,-07:00,2025-04-28T21:12:15-07:00,0,30
projects\project 2\project2_report.html,117,html,b2766ba3,Arcilios,2025-04-28,21:12:15,-07:00,2025-04-28T21:12:15-07:00,0,35
projects\project 2\project2_report.html,118,html,b2766ba3,Arcilios,2025-04-28,21:12:15,-07:00,2025-04-28T21:12:15-07:00,0,15
projects\project 2\project2_report.html,119,html,b2766ba3,Arcilios,2025-04-28,21:12:15,-07:00,2025-04-28T21:12:15-07:00,0,15
projects\project 2\project2_report.html,120,html,b2766ba3,Arcilios,2025-04-28,21:12:15,-07:00,2025-04-28T21:12:15-07:00,0,18
projects\project 2\project2_report.html,121,html,b2766ba3,Arcilios,2025-04-28,21:12:15,-07:00,2025-04-28T21:12:15-07:00,0,25
projects\project 2\project2_report.html,122,html,b2766ba3,Arcilios,2025-04-28,21:12:15,-07:00,2025-04-28T21:12:15-07:00,0,16
projects\project 2\project2_report.html,123,html,b2766ba3,Arcilios,2025-04-28,21:12:15,-07:00,2025-04-28T21:12:15-07:00,0,0
projects\project 2\project2_report.html,124,html,b2766ba3,Arcilios,2025-04-28,21:12:15,-07:00,2025-04-28T21:12:15-07:00,0,10
projects\project 2\project2_report.html,125,html,b2766ba3,Arcilios,2025-04-28,21:12:15,-07:00,2025-04-28T21:12:15-07:00,0,39
projects\project 2\project2_report.html,126,html,b2766ba3,Arcilios,2025-04-28,21:12:15,-07:00,2025-04-28T21:12:15-07:00,0,17
projects\project 2\project2_report.html,127,html,b2766ba3,Arcilios,2025-04-28,21:12:15,-07:00,2025-04-28T21:12:15-07:00,0,30
projects\project 2\project2_report.html,128,html,b2766ba3,Arcilios,2025-04-28,21:12:15,-07:00,2025-04-28T21:12:15-07:00,0,0
projects\project 2\project2_report.html,129,html,b2766ba3,Arcilios,2025-04-28,21:12:15,-07:00,2025-04-28T21:12:15-07:00,0,0
projects\project 2\project2_report.html,130,html,b2766ba3,Arcilios,2025-04-28,21:12:15,-07:00,2025-04-28T21:12:15-07:00,0,31
projects\project 2\project2_report.html,131,html,b2766ba3,Arcilios,2025-04-28,21:12:15,-07:00,2025-04-28T21:12:15-07:00,0,14
projects\project 2\project2_report.html,132,html,b2766ba3,Arcilios,2025-04-28,21:12:15,-07:00,2025-04-28T21:12:15-07:00,0,26
projects\project 2\project2_report.html,133,html,b2766ba3,Arcilios,2025-04-28,21:12:15,-07:00,2025-04-28T21:12:15-07:00,0,32
projects\project 2\project2_report.html,134,html,b2766ba3,Arcilios,2025-04-28,21:12:15,-07:00,2025-04-28T21:12:15-07:00,0,6
projects\project 2\project2_report.html,135,html,b2766ba3,Arcilios,2025-04-28,21:12:15,-07:00,2025-04-28T21:12:15-07:00,0,12
projects\project 2\project2_report.html,136,html,b2766ba3,Arcilios,2025-04-28,21:12:15,-07:00,2025-04-28T21:12:15-07:00,0,14
projects\project 2\project2_report.html,137,html,b2766ba3,Arcilios,2025-04-28,21:12:15,-07:00,2025-04-28T21:12:15-07:00,0,1
projects\project 2\project2_report.html,138,html,b2766ba3,Arcilios,2025-04-28,21:12:15,-07:00,2025-04-28T21:12:15-07:00,0,0
projects\project 2\project2_report.html,139,html,b2766ba3,Arcilios,2025-04-28,21:12:15,-07:00,2025-04-28T21:12:15-07:00,0,0
projects\project 2\project2_report.html,140,html,b2766ba3,Arcilios,2025-04-28,21:12:15,-07:00,2025-04-28T21:12:15-07:00,0,0
projects\project 2\project2_report.html,141,html,b2766ba3,Arcilios,2025-04-28,21:12:15,-07:00,2025-04-28T21:12:15-07:00,0,7
projects\project 2\project2_report.html,142,html,b2766ba3,Arcilios,2025-04-28,21:12:15,-07:00,2025-04-28T21:12:15-07:00,0,6
projects\project 2\project2_report.html,143,html,b2766ba3,Arcilios,2025-04-28,21:12:15,-07:00,2025-04-28T21:12:15-07:00,0,0
projects\project 2\project2_report.html,144,html,b2766ba3,Arcilios,2025-04-28,21:12:15,-07:00,2025-04-28T21:12:15-07:00,0,5
projects\project 2\project2_report.html,145,html,b2766ba3,Arcilios,2025-04-28,21:12:15,-07:00,2025-04-28T21:12:15-07:00,0,7
projects\project 2\project2_report.html,146,html,b2766ba3,Arcilios,2025-04-28,21:12:15,-07:00,2025-04-28T21:12:15-07:00,0,3
projects\project 2\project2_report.html,147,html,b2766ba3,Arcilios,2025-04-28,21:12:15,-07:00,2025-04-28T21:12:15-07:00,0,26
projects\project 2\project2_report.html,148,html,b2766ba3,Arcilios,2025-04-28,21:12:15,-07:00,2025-04-28T21:12:15-07:00,0,37
projects\project 2\project2_report.html,149,html,b2766ba3,Arcilios,2025-04-28,21:12:15,-07:00,2025-04-28T21:12:15-07:00,0,4
projects\project 2\project2_report.html,150,html,b2766ba3,Arcilios,2025-04-28,21:12:15,-07:00,2025-04-28T21:12:15-07:00,0,0
projects\project 2\project2_report.html,151,html,b2766ba3,Arcilios,2025-04-28,21:12:15,-07:00,2025-04-28T21:12:15-07:00,0,60
projects\project 2\project2_report.html,152,html,b2766ba3,Arcilios,2025-04-28,21:12:15,-07:00,2025-04-28T21:12:15-07:00,0,8
projects\project 2\project2_report.html,153,html,b2766ba3,Arcilios,2025-04-28,21:12:15,-07:00,2025-04-28T21:12:15-07:00,0,0
projects\project 2\project2_report.html,154,html,b2766ba3,Arcilios,2025-04-28,21:12:15,-07:00,2025-04-28T21:12:15-07:00,0,5
projects\project 2\project2_report.html,155,html,b2766ba3,Arcilios,2025-04-28,21:12:15,-07:00,2025-04-28T21:12:15-07:00,0,95
projects\project 2\project2_report.html,156,html,b2766ba3,Arcilios,2025-04-28,21:12:15,-07:00,2025-04-28T21:12:15-07:00,0,0
projects\project 2\project2_report.html,157,html,b2766ba3,Arcilios,2025-04-28,21:12:15,-07:00,2025-04-28T21:12:15-07:00,0,8
projects\project 2\project2_report.html,158,html,b2766ba3,Arcilios,2025-04-28,21:12:15,-07:00,2025-04-28T21:12:15-07:00,0,27
projects\project 2\project2_report.html,159,html,b2766ba3,Arcilios,2025-04-28,21:12:15,-07:00,2025-04-28T21:12:15-07:00,0,0
projects\project 2\project2_report.html,160,html,b2766ba3,Arcilios,2025-04-28,21:12:15,-07:00,2025-04-28T21:12:15-07:00,0,7
projects\project 2\project2_report.html,161,html,e080cefc,Arcilios,2025-04-28,22:28:47,-07:00,2025-04-28T22:28:47-07:00,0,142
projects\project 2\project2_report.html,162,html,b2766ba3,Arcilios,2025-04-28,21:12:15,-07:00,2025-04-28T21:12:15-07:00,0,164
projects\project 2\project2_report.html,163,html,b2766ba3,Arcilios,2025-04-28,21:12:15,-07:00,2025-04-28T21:12:15-07:00,0,8
projects\project 2\project2_report.html,164,html,b2766ba3,Arcilios,2025-04-28,21:12:15,-07:00,2025-04-28T21:12:15-07:00,0,0
projects\project 2\project2_report.html,165,html,b2766ba3,Arcilios,2025-04-28,21:12:15,-07:00,2025-04-28T21:12:15-07:00,0,37
projects\project 2\project2_report.html,166,html,b2766ba3,Arcilios,2025-04-28,21:12:15,-07:00,2025-04-28T21:12:15-07:00,0,0
projects\project 2\project2_report.html,167,html,b2766ba3,Arcilios,2025-04-28,21:12:15,-07:00,2025-04-28T21:12:15-07:00,0,3
projects\project 2\project2_report.html,168,html,b2766ba3,Arcilios,2025-04-28,21:12:15,-07:00,2025-04-28T21:12:15-07:00,0,83
projects\project 2\project2_report.html,169,html,b2766ba3,Arcilios,2025-04-28,21:12:15,-07:00,2025-04-28T21:12:15-07:00,0,97
projects\project 2\project2_report.html,170,html,b2766ba3,Arcilios,2025-04-28,21:12:15,-07:00,2025-04-28T21:12:15-07:00,0,116
projects\project 2\project2_report.html,171,html,b2766ba3,Arcilios,2025-04-28,21:12:15,-07:00,2025-04-28T21:12:15-07:00,0,4
projects\project 2\project2_report.html,172,html,b2766ba3,Arcilios,2025-04-28,21:12:15,-07:00,2025-04-28T21:12:15-07:00,0,9
projects\project 2\project2_report.html,173,html,b2766ba3,Arcilios,2025-04-28,21:12:15,-07:00,2025-04-28T21:12:15-07:00,0,0
projects\project 2\project2_report.html,174,html,b2766ba3,Arcilios,2025-04-28,21:12:15,-07:00,2025-04-28T21:12:15-07:00,0,8
projects\project 2\project2_report.html,175,html,b2766ba3,Arcilios,2025-04-28,21:12:15,-07:00,2025-04-28T21:12:15-07:00,0,31
projects\project 2\project2_report.html,176,html,b2766ba3,Arcilios,2025-04-28,21:12:15,-07:00,2025-04-28T21:12:15-07:00,0,0
projects\project 2\project2_report.html,177,html,b2766ba3,Arcilios,2025-04-28,21:12:15,-07:00,2025-04-28T21:12:15-07:00,0,7
projects\project 2\project2_report.html,178,html,e080cefc,Arcilios,2025-04-28,22:28:47,-07:00,2025-04-28T22:28:47-07:00,0,143
projects\project 2\project2_report.html,179,html,b2766ba3,Arcilios,2025-04-28,21:12:15,-07:00,2025-04-28T21:12:15-07:00,0,144
projects\project 2\project2_report.html,180,html,b2766ba3,Arcilios,2025-04-28,21:12:15,-07:00,2025-04-28T21:12:15-07:00,0,8
projects\project 2\project2_report.html,181,html,b2766ba3,Arcilios,2025-04-28,21:12:15,-07:00,2025-04-28T21:12:15-07:00,0,0
projects\project 2\project2_report.html,182,html,b2766ba3,Arcilios,2025-04-28,21:12:15,-07:00,2025-04-28T21:12:15-07:00,0,37
projects\project 2\project2_report.html,183,html,b2766ba3,Arcilios,2025-04-28,21:12:15,-07:00,2025-04-28T21:12:15-07:00,0,0
projects\project 2\project2_report.html,184,html,b2766ba3,Arcilios,2025-04-28,21:12:15,-07:00,2025-04-28T21:12:15-07:00,0,3
projects\project 2\project2_report.html,185,html,b2766ba3,Arcilios,2025-04-28,21:12:15,-07:00,2025-04-28T21:12:15-07:00,0,85
projects\project 2\project2_report.html,186,html,b2766ba3,Arcilios,2025-04-28,21:12:15,-07:00,2025-04-28T21:12:15-07:00,0,78
projects\project 2\project2_report.html,187,html,b2766ba3,Arcilios,2025-04-28,21:12:15,-07:00,2025-04-28T21:12:15-07:00,0,101
projects\project 2\project2_report.html,188,html,b2766ba3,Arcilios,2025-04-28,21:12:15,-07:00,2025-04-28T21:12:15-07:00,0,4
projects\project 2\project2_report.html,189,html,b2766ba3,Arcilios,2025-04-28,21:12:15,-07:00,2025-04-28T21:12:15-07:00,0,9
projects\project 2\project2_report.html,190,html,b2766ba3,Arcilios,2025-04-28,21:12:15,-07:00,2025-04-28T21:12:15-07:00,0,0
projects\project 2\project2_report.html,191,html,b2766ba3,Arcilios,2025-04-28,21:12:15,-07:00,2025-04-28T21:12:15-07:00,0,8
projects\project 2\project2_report.html,192,html,b2766ba3,Arcilios,2025-04-28,21:12:15,-07:00,2025-04-28T21:12:15-07:00,0,24
projects\project 2\project2_report.html,193,html,b2766ba3,Arcilios,2025-04-28,21:12:15,-07:00,2025-04-28T21:12:15-07:00,0,0
projects\project 2\project2_report.html,194,html,b2766ba3,Arcilios,2025-04-28,21:12:15,-07:00,2025-04-28T21:12:15-07:00,0,2
projects\project 2\project2_report.html,195,html,b2766ba3,Arcilios,2025-04-28,21:12:15,-07:00,2025-04-28T21:12:15-07:00,0,503
projects\project 2\project2_report.html,196,html,b2766ba3,Arcilios,2025-04-28,21:12:15,-07:00,2025-04-28T21:12:15-07:00,0,3
projects\project 2\project2_report.html,197,html,b2766ba3,Arcilios,2025-04-28,21:12:15,-07:00,2025-04-28T21:12:15-07:00,0,9
projects\project 2\project2_report.html,198,html,b2766ba3,Arcilios,2025-04-28,21:12:15,-07:00,2025-04-28T21:12:15-07:00,0,6
projects\project 2\project2_report.html,199,html,b2766ba3,Arcilios,2025-04-28,21:12:15,-07:00,2025-04-28T21:12:15-07:00,0,0
projects\project 2\project2_report.html,200,html,b2766ba3,Arcilios,2025-04-28,21:12:15,-07:00,2025-04-28T21:12:15-07:00,0,6
projects\project 2\project2_report.html,201,html,b2766ba3,Arcilios,2025-04-28,21:12:15,-07:00,2025-04-28T21:12:15-07:00,0,6
contact\index.html,1,html,240c10a5,Arcilios,2025-04-02,21:37:05,-07:00,2025-04-02T21:37:05-07:00,0,14
contact\index.html,2,html,d33a167e,Arcilios,2025-04-18,17:22:06,-07:00,2025-04-18T17:22:06-07:00,0,49
contact\index.html,3,html,d33a167e,Arcilios,2025-04-18,17:22:06,-07:00,2025-04-18T17:22:06-07:00,0,43
contact\index.html,4,html,d33a167e,Arcilios,2025-04-18,17:22:06,-07:00,2025-04-18T17:22:06-07:00,0,0
contact\index.html,5,html,240c10a5,Arcilios,2025-04-02,21:37:05,-07:00,2025-04-02T21:37:05-07:00,0,15
contact\index.html,6,html,240c10a5,Arcilios,2025-04-02,21:37:05,-07:00,2025-04-02T21:37:05-07:00,0,5
contact\index.html,7,html,240c10a5,Arcilios,2025-04-02,21:37:05,-07:00,2025-04-02T21:37:05-07:00,0,21
contact\index.html,8,html,240c10a5,Arcilios,2025-04-02,21:37:05,-07:00,2025-04-02T21:37:05-07:00,0,69
contact\index.html,9,html,240c10a5,Arcilios,2025-04-02,21:37:05,-07:00,2025-04-02T21:37:05-07:00,0,33
contact\index.html,10,html,240c10a5,Arcilios,2025-04-02,21:37:05,-07:00,2025-04-02T21:37:05-07:00,0,6
contact\index.html,11,html,28b0206d,Arcilios,2025-04-11,19:47:22,-07:00,2025-04-11T19:47:22-07:00,0,0
contact\index.html,12,html,240c10a5,Arcilios,2025-04-02,21:37:05,-07:00,2025-04-02T21:37:05-07:00,0,5
contact\index.html,13,html,240c10a5,Arcilios,2025-04-02,21:37:05,-07:00,2025-04-02T21:37:05-07:00,0,27
contact\index.html,14,html,240c10a5,Arcilios,2025-04-02,21:37:05,-07:00,2025-04-02T21:37:05-07:00,0,18
contact\index.html,15,html,28b0206d,Arcilios,2025-04-11,19:47:22,-07:00,2025-04-11T19:47:22-07:00,0,65
contact\index.html,16,html,28b0206d,Arcilios,2025-04-11,19:47:22,-07:00,2025-04-11T19:47:22-07:00,0,37
contact\index.html,17,html,28b0206d,Arcilios,2025-04-11,19:47:22,-07:00,2025-04-11T19:47:22-07:00,0,43
contact\index.html,18,html,28b0206d,Arcilios,2025-04-11,19:47:22,-07:00,2025-04-11T19:47:22-07:00,0,0
contact\index.html,19,html,28b0206d,Arcilios,2025-04-11,19:47:22,-07:00,2025-04-11T19:47:22-07:00,0,36
contact\index.html,20,html,28b0206d,Arcilios,2025-04-11,19:47:22,-07:00,2025-04-11T19:47:22-07:00,0,34
contact\index.html,21,html,28b0206d,Arcilios,2025-04-11,19:47:22,-07:00,2025-04-11T19:47:22-07:00,0,0
contact\index.html,22,html,28b0206d,Arcilios,2025-04-11,19:47:22,-07:00,2025-04-11T19:47:22-07:00,0,33
contact\index.html,23,html,28b0206d,Arcilios,2025-04-11,19:47:22,-07:00,2025-04-11T19:47:22-07:00,0,42
contact\index.html,24,html,28b0206d,Arcilios,2025-04-11,19:47:22,-07:00,2025-04-11T19:47:22-07:00,0,0
contact\index.html,25,html,28b0206d,Arcilios,2025-04-11,19:47:22,-07:00,2025-04-11T19:47:22-07:00,0,20
contact\index.html,26,html,240c10a5,Arcilios,2025-04-02,21:37:05,-07:00,2025-04-02T21:37:05-07:00,0,6
contact\index.html,27,html,240c10a5,Arcilios,2025-04-02,21:37:05,-07:00,2025-04-02T21:37:05-07:00,0,6
contact\index.html,28,html,240c10a5,Arcilios,2025-04-02,21:37:05,-07:00,2025-04-02T21:37:05-07:00,0,6
